學年度,學校代碼,學校名稱,縣市名稱,體系別,在校生總數,區域,設立別,休學人數,在學人數_S,休學率,退學人數,退學率,專任教師數,生師比,公私立
106,1,國立政治大學,臺北市,1 一般,16353,北部,公立,,,,569.0,0.017,722.0,22.6,公立
106,2,國立清華大學,新竹市,1 一般,16664,北部,公立,,,,612.0,0.018,824.0,20.2,公立
106,3,國立臺灣大學,臺北市,1 一般,31802,北部,公立,,,,1279.0,0.02,2045.0,15.6,公立
106,4,國立臺灣師範大學,臺北市,3 師範,15426,北部,公立,,,,731.0,0.024,826.0,18.7,公立
106,5,國立成功大學,臺南市,1 一般,21252,南部,公立,,,,1037.0,0.024,1326.0,16.0,公立
106,6,國立中興大學,臺中市,1 一般,14877,中部,公立,,,,815.0,0.027,769.0,19.3,公立
106,7,國立交通大學,新竹市,1 一般,14169,北部,,,,,619.0,0.022,,,未知
106,8,國立中央大學,桃園市,1 一般,11924,北部,公立,,,,541.0,0.023,653.0,18.3,公立
106,9,國立中山大學,高雄市,1 一般,9466,南部,公立,,,,533.0,0.028,509.0,18.6,公立
106,12,國立臺灣海洋大學,基隆市,1 一般,8652,北部,公立,,,,450.0,0.026,414.0,20.9,公立
106,13,國立中正大學,嘉義縣,1 一般,11512,南部,公立,,,,564.0,0.024,542.0,21.2,公立
106,14,國立高雄師範大學,高雄市,3 師範,6654,南部,公立,,,,451.0,0.034,290.0,22.9,公立
106,15,國立彰化師範大學,彰化縣,3 師範,8235,中部,公立,,,,406.0,0.025,373.0,22.1,公立
106,16,國立陽明大學,臺北市,1 一般,4332,北部,公立,,,,215.0,0.025,398.0,10.9,公立
106,17,國立臺北大學,新北市,1 一般,9853,北部,公立,,,,453.0,0.023,380.0,25.9,公立
106,18,國立嘉義大學,嘉義市,1 一般,12399,南部,公立,,,,716.0,0.029,515.0,24.1,公立
106,19,國立高雄大學,高雄市,2 技職,170,南部,公立,,,,279.0,0.025,235.0,0.7,公立
106,20,國立東華大學,花蓮縣,1 一般,10154,東部,公立,,,,608.0,0.03,492.0,20.6,公立
106,21,國立暨南國際大學,南投縣,1 一般,6361,中部,公立,,,,337.0,0.026,268.0,23.7,公立
106,22,國立臺灣科技大學,臺北市,2 技職,11019,北部,公立,,,,430.0,0.02,458.0,24.1,公立
106,23,國立雲林科技大學,雲林縣,2 技職,9715,中部,公立,,,,478.0,0.025,365.0,26.6,公立
106,24,國立屏東科技大學,屏東縣,2 技職,11187,南部,公立,,,,629.0,0.028,398.0,28.1,公立
106,25,國立臺北科技大學,臺北市,2 技職,12973,北部,公立,,,,592.0,0.023,470.0,27.6,公立
106,26,國立高雄第一科技大學,高雄市,2 技職,7804,南部,公立,,,,,,269.0,29.0,公立
106,27,國立高雄應用科技大學,高雄市,2 技職,11822,南部,公立,,,,,,351.0,33.7,公立
106,28,國立臺北藝術大學,臺北市,1 一般,3131,北部,公立,,,,150.0,0.024,160.0,19.6,公立
106,29,國立臺灣藝術大學,新北市,2 技職,371,北部,公立,,,,223.0,0.02,162.0,2.3,公立
106,30,國立臺東大學,臺東縣,1 一般,4616,東部,公立,,,,298.0,0.032,192.0,24.0,公立
106,31,國立宜蘭大學,宜蘭縣,1 一般,5511,東部,公立,,,,299.0,0.027,233.0,23.7,公立
106,32,國立聯合大學,苗栗縣,1 一般,7729,中部,公立,,,,540.0,0.035,288.0,26.8,公立
106,33,國立虎尾科技大學,雲林縣,2 技職,10188,中部,公立,,,,439.0,0.022,329.0,31.0,公立
106,34,國立高雄海洋科技大學,高雄市,2 技職,7694,南部,公立,,,,,,230.0,33.5,公立
106,35,國立臺南藝術大學,臺南市,1 一般,1580,南部,公立,,,,102.0,0.032,105.0,15.0,公立
106,36,國立臺南大學,臺南市,1 一般,5745,南部,公立,,,,341.0,0.03,237.0,24.2,公立
106,37,國立臺北教育大學,臺北市,3 師範,5808,北部,公立,,,,288.0,0.025,223.0,26.0,公立
106,39,國立臺中教育大學,臺中市,3 師範,5006,中部,公立,,,,243.0,0.024,199.0,25.2,公立
106,42,國立澎湖科技大學,澎湖縣,2 技職,3008,離島,公立,,,,195.0,0.032,123.0,24.5,公立
106,43,國立勤益科技大學,臺中市,2 技職,11176,中部,公立,,,,603.0,0.027,281.0,39.8,公立
106,44,國立體育大學,桃園市,1 一般,2464,北部,公立,,,,132.0,0.027,101.0,24.4,公立
106,46,國立臺北護理健康大學,臺北市,2 技職,5077,北部,公立,,,,169.0,0.017,174.0,29.2,公立
106,47,國立高雄餐旅大學,高雄市,2 技職,5267,南部,公立,,,,128.0,0.012,149.0,35.3,公立
106,48,國立金門大學,金門縣,1 一般,4501,離島,公立,,,,338.0,0.038,149.0,30.2,公立
106,49,國立臺灣體育運動大學,臺中市,1 一般,3154,中部,公立,,,,316.0,0.05,108.0,29.2,公立
106,50,國立臺中科技大學,臺中市,2 技職,13599,中部,公立,,,,627.0,0.023,405.0,33.6,公立
106,51,國立臺北商業大學,臺北市,2 技職,6730,北部,公立,,,,211.0,0.016,208.0,32.4,公立
106,52,國立屏東大學,屏東縣,1 一般,8963,南部,公立,,,,448.0,0.025,339.0,26.4,公立
106,144,國立臺灣戲曲學院,臺北市,2 技職,614,北部,公立,,,,60.0,0.049,34.0,18.1,公立
106,221,國立臺南護理專科學校,臺南市,2 技職,1955,南部,公立,,,,47.0,0.012,85.0,23.0,公立
106,222,國立臺東專科學校,臺東縣,2 技職,1244,東部,公立,,,,140.0,0.056,64.0,19.4,公立
106,1001,東海大學,臺中市,1 一般,16429,中部,私立,,,,798.0,0.024,533.0,30.8,私立
106,1002,輔仁大學,新北市,2 技職,65,北部,私立,,,,1762.0,0.033,698.0,0.1,私立
106,1003,東吳大學,臺北市,1 一般,15850,北部,私立,,,,874.0,0.028,435.0,36.4,私立
106,1004,中原大學,桃園市,1 一般,16342,北部,私立,,,,789.0,0.024,482.0,33.9,私立
106,1005,淡江大學,新北市,2 技職,21,北部,,,,,1675.0,0.032,,,未知
106,1006,中國文化大學,臺北市,2 技職,100,北部,私立,,,,2075.0,0.04,746.0,0.1,私立
106,1007,逢甲大學,臺中市,1 一般,21146,中部,私立,,,,1199.0,0.028,649.0,32.6,私立
106,1008,靜宜大學,臺中市,1 一般,12289,中部,私立,,,,653.0,0.027,368.0,33.4,私立
106,1009,長庚大學,桃園市,1 一般,7187,北部,私立,,,,400.0,0.028,596.0,12.1,私立
106,1010,元智大學,桃園市,1 一般,9135,北部,私立,,,,459.0,0.025,309.0,29.6,私立
106,1011,中華大學,新竹市,2 技職,205,北部,,,,,594.0,0.044,,,未知
106,1012,大葉大學,彰化縣,2 技職,61,中部,私立,,,,949.0,0.043,336.0,0.2,私立
106,1013,華梵大學,新北市,1 一般,2320,北部,,,,,310.0,0.067,,,未知
106,1014,義守大學,高雄市,2 技職,272,南部,私立,,,,1255.0,0.039,488.0,0.6,私立
106,1015,世新大學,臺北市,2 技職,24,北部,私立,,,,593.0,0.025,326.0,0.1,私立
106,1016,銘傳大學,臺北市,1 一般,19129,北部,私立,,,,930.0,0.024,591.0,32.4,私立
106,1017,實踐大學,臺北市,2 技職,126,北部,私立,,,,1237.0,0.042,399.0,0.3,私立
106,1018,朝陽科技大學,臺中市,2 技職,15792,中部,私立,,,,1146.0,0.036,400.0,39.5,私立
106,1019,高雄醫學大學,高雄市,2 技職,45,南部,私立,,,,229.0,0.017,557.0,0.1,私立
106,1020,南華大學,嘉義縣,1 一般,5600,南部,私立,,,,527.0,0.047,217.0,25.8,私立
106,1021,真理大學,新北市,1 一般,6773,北部,私立,,,,727.0,0.054,280.0,24.2,私立
106,1022,大同大學,臺北市,1 一般,4497,北部,私立,,,,305.0,0.034,165.0,27.3,私立
106,1023,南臺科技大學,臺南市,2 技職,18855,南部,,,,,,,,,未知
106,1024,崑山科技大學,臺南市,2 技職,12174,南部,私立,,,,1129.0,0.046,359.0,33.9,私立
106,1025,嘉南藥理大學,臺南市,2 技職,15702,南部,,,,,,,,,未知
106,1026,樹德科技大學,高雄市,2 技職,10699,南部,私立,,,,1122.0,0.052,281.0,38.1,私立
106,1027,慈濟大學,花蓮縣,1 一般,3460,東部,,,,,,,,,未知
106,1028,臺北醫學大學,臺北市,2 技職,1,北部,私立,,,,240.0,0.02,620.0,0.0,私立
106,1029,中山醫學大學,臺中市,2 技職,128,中部,私立,,,,392.0,0.027,399.0,0.3,私立
106,1030,龍華科技大學,桃園市,2 技職,11086,北部,私立,,,,1228.0,0.055,242.0,45.8,私立
106,1031,輔英科技大學,高雄市,2 技職,9306,南部,私立,,,,613.0,0.033,331.0,28.1,私立
106,1032,明新科技大學,新竹縣,2 技職,12319,北部,,,,,,,,,未知
106,1033,長榮大學,臺南市,2 技職,1,南部,私立,,,,702.0,0.036,350.0,0.0,私立
106,1034,弘光科技大學,臺中市,2 技職,12959,中部,私立,,,,892.0,0.034,322.0,40.2,私立
106,1035,中國醫藥大學,臺中市,2 技職,66,中部,私立,,,,329.0,0.022,484.0,0.1,私立
106,1036,健行科技大學,桃園市,2 技職,10765,北部,,,,,,,,,未知
106,1037,正修科技大學,高雄市,2 技職,16903,南部,,,,,,,,,未知
106,1038,萬能科技大學,桃園市,2 技職,10472,北部,,,,,,,,,未知
106,1039,玄奘大學,新竹市,2 技職,1,北部,私立,,,,553.0,0.063,143.0,0.0,私立
106,1040,建國科技大學,彰化縣,2 技職,7839,中部,私立,,,,808.0,0.052,263.0,29.8,私立
106,1041,明志科技大學,新北市,2 技職,4561,北部,私立,,,,191.0,0.021,196.0,23.3,私立
106,1042,高苑科技大學,高雄市,2 技職,5587,南部,,,,,825.0,0.074,,,未知
106,1043,大仁科技大學,屏東縣,2 技職,6615,南部,私立,,,,647.0,0.049,250.0,26.5,私立
106,1044,聖約翰科技大學,新北市,2 技職,3967,北部,私立,,,,403.0,0.051,187.0,21.2,私立
106,1045,嶺東科技大學,臺中市,2 技職,10312,中部,私立,,,,992.0,0.048,264.0,39.1,私立
106,1046,中國科技大學,臺北市,2 技職,10969,北部,私立,,,,908.0,0.041,305.0,36.0,私立
106,1047,中臺科技大學,臺中市,2 技職,9007,中部,私立,,,,687.0,0.038,275.0,32.8,私立
106,1048,亞洲大學,臺中市,1 一般,12123,中部,私立,,,,1101.0,0.045,400.0,30.3,私立
106,1049,開南大學,桃園市,1 一般,7330,北部,私立,,,,849.0,0.058,258.0,28.4,私立
106,1050,佛光大學,宜蘭縣,1 一般,3822,東部,私立,,,,361.0,0.047,176.0,21.7,私立
106,1051,台南應用科技大學,臺南市,2 技職,12733,南部,,,,,,,,,未知
106,1052,遠東科技大學,臺南市,2 技職,6247,南部,,,,,715.0,0.057,,,未知
106,1053,元培醫事科技大學,新竹市,2 技職,6437,北部,,,,,,,,,未知
106,1054,景文科技大學,新北市,2 技職,7299,北部,私立,,,,794.0,0.054,201.0,36.3,私立
106,1055,中華醫事科技大學,臺南市,2 技職,9240,南部,私立,,,,745.0,0.04,299.0,30.9,私立
106,1056,東南科技大學,新北市,2 技職,6241,北部,私立,,,,789.0,0.063,210.0,29.7,私立
106,1057,德明財經科技大學,臺北市,2 技職,8420,北部,私立,,,,529.0,0.031,236.0,35.7,私立
106,1058,明道大學,彰化縣,1 一般,4469,中部,,,,,,,,,未知
106,1060,南開科技大學,南投縣,2 技職,5217,中部,私立,,,,578.0,0.055,195.0,26.8,私立
106,1061,中華科技大學,臺北市,2 技職,6538,北部,,,,,,,,,未知
106,1062,僑光科技大學,臺中市,2 技職,10856,中部,私立,,,,977.0,0.045,227.0,47.8,私立
106,1063,育達科技大學,苗栗縣,2 技職,4582,中部,,,,,,,,,未知
106,1064,美和科技大學,屏東縣,2 技職,7466,南部,,,,,,,,,未知
106,1065,吳鳳科技大學,嘉義縣,2 技職,4709,南部,私立,,,,397.0,0.042,163.0,28.9,私立
106,1066,環球科技大學,雲林縣,2 技職,5295,中部,,,,,,,,,未知
106,1067,臺灣首府大學,臺南市,2 技職,33,南部,,,,,,,,,未知
106,1068,中州科技大學,彰化縣,2 技職,3473,中部,,,,,,,,,未知
106,1069,修平科技大學,臺中市,2 技職,5211,中部,,,,,,,,,未知
106,1070,長庚科技大學,桃園市,2 技職,6712,北部,,,,,,,,,未知
106,1071,臺北城市科技大學,臺北市,2 技職,9677,北部,,,,,,,,,未知
106,1072,大華科技大學,新竹縣,2 技職,2940,北部,,,,,,,,,未知
106,1073,醒吾科技大學,新北市,2 技職,8198,北部,,,,,,,,,未知
106,1074,南榮科技大學,臺南市,2 技職,2211,南部,,,,,,,,,未知
106,1075,文藻外語大學,高雄市,2 技職,9419,南部,,,,,,,,,未知
106,1076,華夏科技大學,新北市,2 技職,4799,北部,,,,,,,,,未知
106,1077,慈濟科技大學,花蓮縣,2 技職,2947,東部,,,,,,,,,未知
106,1078,致理科技大學,新北市,2 技職,11624,北部,,,,,,,,,未知
106,1079,康寧大學,臺北市,2 技職,3250,北部,,,,,,,,,未知
106,1080,宏國德霖科技大學,新北市,2 技職,6568,北部,,,,,,,,,未知
106,1081,東方設計大學,高雄市,2 技職,3192,南部,,,,,,,,,未知
106,1082,崇右影藝科技大學,基隆市,2 技職,2685,北部,,,,,,,,,未知
106,1083,台北海洋科技大學,新北市,2 技職,5330,北部,,,,,,,,,未知
106,1125,中信金融管理學院,臺南市,1 一般,485,南部,,,,,,,,,未知
106,1148,大漢技術學院,花蓮縣,2 技職,1305,東部,私立,,,,193.0,0.074,57.0,22.9,私立
106,1159,和春技術學院,高雄市,2 技職,2475,南部,私立,,,,691.0,0.14,108.0,22.9,私立
106,1166,亞東技術學院,新北市,2 技職,4484,北部,私立,,,,221.0,0.025,162.0,27.7,私立
106,1168,南亞技術學院,桃園市,2 技職,3542,北部,,,,,,,,,未知
106,1176,稻江科技暨管理學院,嘉義縣,2 技職,111,南部,私立,,,,343.0,0.076,60.0,1.8,私立
106,1182,蘭陽技術學院,宜蘭縣,2 技職,1058,東部,私立,,,,262.0,0.124,84.0,12.6,私立
106,1183,黎明技術學院,新北市,2 技職,4576,北部,私立,,,,566.0,0.062,154.0,29.7,私立
106,1185,經國管理暨健康學院,基隆市,2 技職,3874,北部,,,,,489.0,0.063,,,未知
106,1188,大同技術學院,嘉義市,2 技職,2112,南部,私立,,,,447.0,0.106,66.0,32.0,私立
106,1189,亞太創意技術學院,苗栗縣,2 技職,894,中部,,,,,,,,,未知
106,1192,臺灣觀光學院,花蓮縣,2 技職,896,東部,私立,,,,274.0,0.153,44.0,20.4,私立
106,1195,馬偕醫學院,新北市,1 一般,666,北部,,,,,,,,,未知
106,1196,法鼓文理學院,新北市,1 一般,267,北部,,,,,,,,,未知
106,1282,馬偕醫護管理專科學校,臺北市,2 技職,4381,北部,,,,,,,,,未知
106,1283,仁德醫護管理專科學校,苗栗縣,2 技職,6601,中部,私立,,,,437.0,0.033,203.0,32.5,私立
106,1284,樹人醫護管理專科學校,高雄市,2 技職,7097,南部,私立,,,,472.0,0.033,210.0,33.8,私立
106,1285,慈惠醫護管理專科學校,屏東縣,2 技職,5556,南部,私立,,,,608.0,0.055,170.0,32.7,私立
106,1286,耕莘健康管理專科學校,新北市,2 技職,5217,北部,私立,,,,284.0,0.027,181.0,28.8,私立
106,1287,敏惠醫護管理專科學校,臺南市,2 技職,3858,南部,私立,,,,147.0,0.019,124.0,31.1,私立
106,1288,高美醫護管理專科學校,高雄市,2 技職,590,南部,私立,,,,0.0,0.0,27.0,21.9,私立
106,1289,育英醫護管理專科學校,高雄市,2 技職,1969,南部,私立,,,,60.0,0.015,71.0,27.7,私立
106,1290,崇仁醫護管理專科學校,嘉義市,2 技職,3503,南部,私立,,,,140.0,0.02,130.0,26.9,私立
106,1291,聖母醫護管理專科學校,宜蘭縣,2 技職,3155,東部,私立,,,,306.0,0.048,111.0,28.4,私立
106,1292,新生醫護管理專科學校,桃園市,2 技職,6024,北部,私立,,,,280.0,0.023,213.0,28.3,私立
106,3002,臺北市立大學,臺北市,1 一般,7675,北部,公立,,,,434.0,0.028,331.0,23.2,公立
107,1,國立政治大學,臺北市,1 一般,16343,北部,公立,,,,565.0,0.017,714.0,22.9,公立
107,2,國立清華大學,新竹市,1 一般,16657,北部,公立,,,,633.0,0.019,823.0,20.2,公立
107,3,國立臺灣大學,臺北市,1 一般,31745,北部,公立,,,,1301.0,0.02,2043.0,15.5,公立
107,4,國立臺灣師範大學,臺北市,3 師範,15582,北部,公立,,,,817.0,0.026,839.0,18.6,公立
107,5,國立成功大學,臺南市,1 一般,21276,南部,公立,,,,1059.0,0.025,1325.0,16.1,公立
107,6,國立中興大學,臺中市,1 一般,14884,中部,公立,,,,806.0,0.027,775.0,19.2,公立
107,7,國立交通大學,新竹市,1 一般,14271,北部,,,,,644.0,0.023,,,未知
107,8,國立中央大學,桃園市,1 一般,11960,北部,公立,,,,543.0,0.023,645.0,18.5,公立
107,9,國立中山大學,高雄市,1 一般,9425,南部,公立,,,,506.0,0.027,522.0,18.1,公立
107,12,國立臺灣海洋大學,基隆市,1 一般,8655,北部,公立,,,,493.0,0.028,416.0,20.8,公立
107,13,國立中正大學,嘉義縣,1 一般,11328,南部,公立,,,,593.0,0.026,548.0,20.7,公立
107,14,國立高雄師範大學,高雄市,3 師範,6678,南部,公立,,,,414.0,0.031,289.0,23.1,公立
107,15,國立彰化師範大學,彰化縣,3 師範,8333,中部,公立,,,,397.0,0.024,369.0,22.6,公立
107,16,國立陽明大學,臺北市,1 一般,4334,北部,公立,,,,223.0,0.026,408.0,10.6,公立
107,17,國立臺北大學,新北市,1 一般,9923,北部,公立,,,,410.0,0.021,380.0,26.1,公立
107,18,國立嘉義大學,嘉義市,1 一般,12219,南部,公立,,,,754.0,0.031,517.0,23.6,公立
107,19,國立高雄大學,高雄市,2 技職,174,南部,公立,,,,314.0,0.028,237.0,0.7,公立
107,20,國立東華大學,花蓮縣,1 一般,9928,東部,公立,,,,622.0,0.031,477.0,20.8,公立
107,21,國立暨南國際大學,南投縣,1 一般,6200,中部,公立,,,,311.0,0.025,269.0,23.0,公立
107,22,國立臺灣科技大學,臺北市,2 技職,11137,北部,公立,,,,424.0,0.019,499.0,22.3,公立
107,23,國立雲林科技大學,雲林縣,2 技職,9732,中部,公立,,,,388.0,0.02,411.0,23.7,公立
107,24,國立屏東科技大學,屏東縣,2 技職,11122,南部,公立,,,,599.0,0.027,411.0,27.1,公立
107,25,國立臺北科技大學,臺北市,2 技職,13097,北部,公立,,,,614.0,0.023,469.0,27.9,公立
107,28,國立臺北藝術大學,臺北市,1 一般,3072,北部,公立,,,,179.0,0.029,163.0,18.8,公立
107,29,國立臺灣藝術大學,新北市,2 技職,369,北部,公立,,,,252.0,0.022,167.0,2.2,公立
107,30,國立臺東大學,臺東縣,2 技職,19,東部,公立,,,,336.0,0.037,194.0,0.1,公立
107,31,國立宜蘭大學,宜蘭縣,1 一般,5470,東部,公立,,,,350.0,0.032,232.0,23.6,公立
107,32,國立聯合大學,苗栗縣,1 一般,7622,中部,公立,,,,478.0,0.031,284.0,26.8,公立
107,33,國立虎尾科技大學,雲林縣,2 技職,10328,中部,公立,,,,498.0,0.024,335.0,30.8,公立
107,35,國立臺南藝術大學,臺南市,1 一般,1564,南部,公立,,,,128.0,0.041,108.0,14.5,公立
107,36,國立臺南大學,臺南市,1 一般,5692,南部,公立,,,,347.0,0.03,235.0,24.2,公立
107,37,國立臺北教育大學,臺北市,3 師範,5814,北部,公立,,,,352.0,0.03,235.0,24.7,公立
107,39,國立臺中教育大學,臺中市,3 師範,4966,中部,公立,,,,247.0,0.025,203.0,24.5,公立
107,42,國立澎湖科技大學,澎湖縣,2 技職,3025,離島,公立,,,,193.0,0.032,120.0,25.2,公立
107,43,國立勤益科技大學,臺中市,2 技職,11101,中部,公立,,,,629.0,0.028,288.0,38.5,公立
107,44,國立體育大學,桃園市,1 一般,2465,北部,公立,,,,142.0,0.029,99.0,24.9,公立
107,46,國立臺北護理健康大學,臺北市,2 技職,5247,北部,公立,,,,193.0,0.018,188.0,27.9,公立
107,47,國立高雄餐旅大學,高雄市,2 技職,5197,南部,公立,,,,119.0,0.011,161.0,32.3,公立
107,48,國立金門大學,金門縣,1 一般,4303,離島,公立,,,,355.0,0.041,145.0,29.7,公立
107,49,國立臺灣體育運動大學,臺中市,1 一般,3100,中部,公立,,,,296.0,0.048,114.0,27.2,公立
107,50,國立臺中科技大學,臺中市,2 技職,13565,中部,公立,,,,582.0,0.021,419.0,32.4,公立
107,51,國立臺北商業大學,臺北市,2 技職,6729,北部,公立,,,,271.0,0.02,213.0,31.6,公立
107,52,國立屏東大學,屏東縣,1 一般,8969,南部,公立,,,,566.0,0.032,342.0,26.2,公立
107,53,國立高雄科技大學,高雄市,2 技職,27274,南部,公立,,,,1380.0,0.025,871.0,31.3,公立
107,144,國立臺灣戲曲學院,臺北市,2 技職,607,北部,公立,,,,35.0,0.029,35.0,17.3,公立
107,221,國立臺南護理專科學校,臺南市,2 技職,1958,南部,公立,,,,53.0,0.014,88.0,22.2,公立
107,222,國立臺東專科學校,臺東縣,2 技職,1174,東部,公立,,,,189.0,0.08,66.0,17.8,公立
107,1001,東海大學,臺中市,1 一般,16080,中部,私立,,,,771.0,0.024,544.0,29.6,私立
107,1002,輔仁大學,新北市,2 技職,65,北部,私立,,,,1822.0,0.035,734.0,0.1,私立
107,1003,東吳大學,臺北市,1 一般,15665,北部,私立,,,,911.0,0.029,443.0,35.4,私立
107,1004,中原大學,桃園市,1 一般,16189,北部,私立,,,,1314.0,0.041,497.0,32.6,私立
107,1005,淡江大學,新北市,1 一般,25343,北部,,,,,1728.0,0.034,,,未知
107,1006,中國文化大學,臺北市,2 技職,135,北部,私立,,,,2155.0,0.043,727.0,0.2,私立
107,1007,逢甲大學,臺中市,1 一般,20812,中部,私立,,,,952.0,0.023,653.0,31.9,私立
107,1008,靜宜大學,臺中市,1 一般,12104,中部,私立,,,,695.0,0.029,374.0,32.4,私立
107,1009,長庚大學,桃園市,1 一般,7052,北部,私立,,,,322.0,0.023,586.0,12.0,私立
107,1010,元智大學,桃園市,1 一般,8882,北部,私立,,,,436.0,0.025,312.0,28.5,私立
107,1011,中華大學,新竹市,2 技職,207,北部,,,,,551.0,0.044,,,未知
107,1012,大葉大學,彰化縣,2 技職,58,中部,私立,,,,879.0,0.043,315.0,0.2,私立
107,1013,華梵大學,新北市,1 一般,1871,北部,,,,,283.0,0.076,,,未知
107,1014,義守大學,高雄市,2 技職,229,南部,私立,,,,1314.0,0.042,502.0,0.5,私立
107,1015,世新大學,臺北市,2 技職,1,北部,私立,,,,668.0,0.029,336.0,0.0,私立
107,1016,銘傳大學,臺北市,1 一般,18975,北部,私立,,,,961.0,0.025,576.0,32.9,私立
107,1017,實踐大學,臺北市,2 技職,128,北部,私立,,,,1126.0,0.04,372.0,0.3,私立
107,1018,朝陽科技大學,臺中市,2 技職,15612,中部,私立,,,,1202.0,0.038,402.0,38.8,私立
107,1019,高雄醫學大學,高雄市,2 技職,40,南部,私立,,,,395.0,0.029,558.0,0.1,私立
107,1020,南華大學,嘉義縣,1 一般,5898,南部,私立,,,,741.0,0.063,203.0,29.1,私立
107,1021,真理大學,新北市,1 一般,6204,北部,私立,,,,582.0,0.047,267.0,23.2,私立
107,1022,大同大學,臺北市,1 一般,4390,北部,私立,,,,291.0,0.033,158.0,27.8,私立
107,1023,南臺科技大學,臺南市,2 技職,18622,南部,,,,,,,,,未知
107,1024,崑山科技大學,臺南市,2 技職,11677,南部,私立,,,,824.0,0.035,343.0,34.0,私立
107,1025,嘉南藥理大學,臺南市,2 技職,14347,南部,,,,,,,,,未知
107,1026,樹德科技大學,高雄市,2 技職,10626,南部,私立,,,,816.0,0.038,281.0,37.8,私立
107,1027,慈濟大學,花蓮縣,1 一般,3448,東部,,,,,,,,,未知
107,1028,臺北醫學大學,臺北市,2 技職,1,北部,私立,,,,294.0,0.024,616.0,0.0,私立
107,1029,中山醫學大學,臺中市,2 技職,113,中部,私立,,,,387.0,0.027,412.0,0.3,私立
107,1030,龍華科技大學,桃園市,2 技職,11229,北部,私立,,,,1196.0,0.053,251.0,44.7,私立
107,1031,輔英科技大學,高雄市,2 技職,9401,南部,私立,,,,658.0,0.035,331.0,28.4,私立
107,1032,明新科技大學,新竹縣,2 技職,12392,北部,,,,,,,,,未知
107,1033,長榮大學,臺南市,1 一般,9259,南部,私立,,,,668.0,0.036,334.0,27.7,私立
107,1034,弘光科技大學,臺中市,2 技職,12971,中部,私立,,,,882.0,0.034,354.0,36.6,私立
107,1035,中國醫藥大學,臺中市,2 技職,38,中部,私立,,,,296.0,0.02,495.0,0.1,私立
107,1036,健行科技大學,桃園市,2 技職,11333,北部,,,,,,,,,未知
107,1037,正修科技大學,高雄市,2 技職,16939,南部,,,,,,,,,未知
107,1038,萬能科技大學,桃園市,2 技職,10380,北部,,,,,,,,,未知
107,1039,玄奘大學,新竹市,1 一般,3674,北部,私立,,,,460.0,0.063,111.0,33.1,私立
107,1040,建國科技大學,彰化縣,2 技職,7545,中部,私立,,,,778.0,0.052,250.0,30.2,私立
107,1041,明志科技大學,新北市,2 技職,4559,北部,私立,,,,214.0,0.023,193.0,23.6,私立
107,1042,高苑科技大學,高雄市,2 技職,4692,南部,,,,,855.0,0.091,,,未知
107,1043,大仁科技大學,屏東縣,2 技職,6260,南部,私立,,,,636.0,0.051,219.0,28.6,私立
107,1044,聖約翰科技大學,新北市,2 技職,3807,北部,私立,,,,463.0,0.061,175.0,21.8,私立
107,1045,嶺東科技大學,臺中市,2 技職,10336,中部,私立,,,,954.0,0.046,264.0,39.2,私立
107,1046,中國科技大學,臺北市,2 技職,9972,北部,私立,,,,976.0,0.049,290.0,34.4,私立
107,1047,中臺科技大學,臺中市,2 技職,8685,中部,私立,,,,655.0,0.038,266.0,32.7,私立
107,1048,亞洲大學,臺中市,1 一般,11779,中部,私立,,,,815.0,0.035,388.0,30.4,私立
107,1049,開南大學,桃園市,1 一般,6665,北部,私立,,,,879.0,0.066,226.0,29.5,私立
107,1050,佛光大學,宜蘭縣,1 一般,3696,東部,私立,,,,326.0,0.044,173.0,21.4,私立
107,1051,台南應用科技大學,臺南市,2 技職,12731,南部,,,,,,,,,未知
107,1052,遠東科技大學,臺南市,2 技職,5553,南部,,,,,635.0,0.057,,,未知
107,1053,元培醫事科技大學,新竹市,2 技職,6292,北部,,,,,,,,,未知
107,1054,景文科技大學,新北市,2 技職,7061,北部,私立,,,,822.0,0.058,191.0,37.0,私立
107,1055,中華醫事科技大學,臺南市,2 技職,9162,南部,私立,,,,680.0,0.037,288.0,31.8,私立
107,1056,東南科技大學,新北市,2 技職,5935,北部,私立,,,,764.0,0.064,192.0,30.9,私立
107,1057,德明財經科技大學,臺北市,2 技職,8186,北部,私立,,,,561.0,0.034,227.0,36.1,私立
107,1058,明道大學,彰化縣,1 一般,3913,中部,,,,,,,,,未知
107,1060,南開科技大學,南投縣,2 技職,4726,中部,私立,,,,493.0,0.052,181.0,26.1,私立
107,1061,中華科技大學,臺北市,2 技職,5810,北部,,,,,,,,,未知
107,1062,僑光科技大學,臺中市,2 技職,10970,中部,私立,,,,940.0,0.043,228.0,48.1,私立
107,1063,育達科技大學,苗栗縣,2 技職,4840,中部,,,,,,,,,未知
107,1064,美和科技大學,屏東縣,2 技職,7403,南部,,,,,,,,,未知
107,1065,吳鳳科技大學,嘉義縣,2 技職,4360,南部,私立,,,,363.0,0.042,154.0,28.3,私立
107,1066,環球科技大學,雲林縣,2 技職,4776,中部,,,,,,,,,未知
107,1067,臺灣首府大學,臺南市,1 一般,2194,南部,,,,,,,,,未知
107,1068,中州科技大學,彰化縣,2 技職,3274,中部,,,,,,,,,未知
107,1069,修平科技大學,臺中市,2 技職,4877,中部,,,,,,,,,未知
107,1070,長庚科技大學,桃園市,2 技職,6635,北部,,,,,,,,,未知
107,1071,臺北城市科技大學,臺北市,2 技職,9358,北部,,,,,,,,,未知
107,1072,大華科技大學,新竹縣,2 技職,2019,北部,,,,,,,,,未知
107,1073,醒吾科技大學,新北市,2 技職,8097,北部,,,,,,,,,未知
107,1074,南榮科技大學,臺南市,2 技職,1650,南部,,,,,,,,,未知
107,1075,文藻外語大學,高雄市,2 技職,9437,南部,,,,,,,,,未知
107,1076,華夏科技大學,新北市,2 技職,4366,北部,,,,,,,,,未知
107,1077,慈濟科技大學,花蓮縣,2 技職,2979,東部,,,,,,,,,未知
107,1078,致理科技大學,新北市,2 技職,11509,北部,,,,,,,,,未知
107,1079,康寧大學,臺北市,2 技職,3169,北部,,,,,,,,,未知
107,1080,宏國德霖科技大學,新北市,2 技職,6344,北部,,,,,,,,,未知
107,1081,東方設計大學,高雄市,2 技職,2832,南部,,,,,,,,,未知
107,1082,崇右影藝科技大學,基隆市,2 技職,2415,北部,,,,,,,,,未知
107,1083,台北海洋科技大學,新北市,2 技職,4856,北部,,,,,,,,,未知
107,1125,中信金融管理學院,臺南市,1 一般,661,南部,,,,,,,,,未知
107,1148,大漢技術學院,花蓮縣,2 技職,1163,東部,私立,,,,195.0,0.084,57.0,20.4,私立
107,1159,和春技術學院,高雄市,2 技職,1446,南部,私立,,,,337.0,0.117,82.0,17.6,私立
107,1166,亞東技術學院,新北市,2 技職,4522,北部,私立,,,,203.0,0.022,157.0,28.8,私立
107,1168,南亞技術學院,桃園市,2 技職,3010,北部,,,,,,,,,未知
107,1176,稻江科技暨管理學院,嘉義縣,2 技職,132,南部,私立,,,,370.0,0.079,57.0,2.3,私立
107,1182,蘭陽技術學院,宜蘭縣,2 技職,921,東部,私立,,,,189.0,0.103,78.0,11.8,私立
107,1183,黎明技術學院,新北市,2 技職,4925,北部,私立,,,,531.0,0.054,159.0,31.0,私立
107,1185,經國管理暨健康學院,基隆市,2 技職,3732,北部,,,,,482.0,0.065,,,未知
107,1188,大同技術學院,嘉義市,2 技職,1803,南部,私立,,,,505.0,0.14,64.0,28.2,私立
107,1192,臺灣觀光學院,花蓮縣,2 技職,751,東部,私立,,,,224.0,0.149,24.0,31.3,私立
107,1195,馬偕醫學院,新北市,1 一般,708,北部,,,,,,,,,未知
107,1196,法鼓文理學院,新北市,1 一般,280,北部,,,,,,,,,未知
107,1282,馬偕醫護管理專科學校,臺北市,2 技職,4276,北部,,,,,,,,,未知
107,1283,仁德醫護管理專科學校,苗栗縣,2 技職,6425,中部,私立,,,,406.0,0.032,204.0,31.5,私立
107,1284,樹人醫護管理專科學校,高雄市,2 技職,7149,南部,私立,,,,485.0,0.034,224.0,31.9,私立
107,1285,慈惠醫護管理專科學校,屏東縣,2 技職,5040,南部,私立,,,,411.0,0.041,154.0,32.7,私立
107,1286,耕莘健康管理專科學校,新北市,2 技職,5093,北部,私立,,,,305.0,0.03,172.0,29.6,私立
107,1287,敏惠醫護管理專科學校,臺南市,2 技職,3869,南部,私立,,,,152.0,0.02,124.0,31.2,私立
107,1289,育英醫護管理專科學校,高雄市,2 技職,2013,南部,私立,,,,52.0,0.013,70.0,28.8,私立
107,1291,聖母醫護管理專科學校,宜蘭縣,2 技職,2777,東部,私立,,,,220.0,0.04,94.0,29.5,私立
107,1292,新生醫護管理專科學校,桃園市,2 技職,6058,北部,私立,,,,291.0,0.024,209.0,29.0,私立
107,1293,崇仁醫護管理專科學校,嘉義縣,2 技職,3392,南部,私立,,,,103.0,0.015,129.0,26.3,私立
107,3002,臺北市立大學,臺北市,1 一般,7774,北部,公立,,,,516.0,0.033,334.0,23.3,公立
108,1,國立政治大學,臺北市,1 一般,16390,北部,公立,,,,,,743.0,22.1,公立
108,2,國立清華大學,新竹市,1 一般,16678,北部,公立,,,,,,830.0,20.1,公立
108,3,國立臺灣大學,臺北市,1 一般,31945,北部,公立,,,,,,2021.0,15.8,公立
108,4,國立臺灣師範大學,臺北市,3 師範,15716,北部,公立,,,,,,813.0,19.3,公立
108,5,國立成功大學,臺南市,1 一般,21456,南部,公立,,,,,,1340.0,16.0,公立
108,6,國立中興大學,臺中市,1 一般,14983,中部,公立,,,,,,781.0,19.2,公立
108,7,國立交通大學,新竹市,1 一般,14742,北部,,,,,,,,,未知
108,8,國立中央大學,桃園市,1 一般,11822,北部,公立,,,,,,662.0,17.9,公立
108,9,國立中山大學,高雄市,1 一般,9563,南部,公立,,,,,,537.0,17.8,公立
108,12,國立臺灣海洋大學,基隆市,1 一般,8838,北部,公立,,,,,,430.0,20.6,公立
108,13,國立中正大學,嘉義縣,1 一般,11205,南部,公立,,,,,,532.0,21.1,公立
108,14,國立高雄師範大學,高雄市,3 師範,6690,南部,公立,,,,,,290.0,23.1,公立
108,15,國立彰化師範大學,彰化縣,3 師範,8385,中部,公立,,,,,,363.0,23.1,公立
108,16,國立陽明大學,臺北市,1 一般,4336,北部,公立,,,,,,406.0,10.7,公立
108,17,國立臺北大學,新北市,1 一般,9954,北部,公立,,,,,,381.0,26.1,公立
108,18,國立嘉義大學,嘉義市,1 一般,11885,南部,公立,,,,,,520.0,22.9,公立
108,19,國立高雄大學,高雄市,2 技職,167,南部,公立,,,,,,238.0,0.7,公立
108,20,國立東華大學,花蓮縣,1 一般,9907,東部,公立,,,,,,460.0,21.5,公立
108,21,國立暨南國際大學,南投縣,1 一般,6108,中部,公立,,,,,,275.0,22.2,公立
108,22,國立臺灣科技大學,臺北市,2 技職,11274,北部,公立,,,,,,532.0,21.2,公立
108,23,國立雲林科技大學,雲林縣,2 技職,9716,中部,公立,,,,,,420.0,23.1,公立
108,24,國立屏東科技大學,屏東縣,2 技職,10863,南部,公立,,,,,,404.0,26.9,公立
108,25,國立臺北科技大學,臺北市,2 技職,13464,北部,公立,,,,,,471.0,28.6,公立
108,28,國立臺北藝術大學,臺北市,1 一般,3098,北部,公立,,,,,,162.0,19.1,公立
108,29,國立臺灣藝術大學,新北市,2 技職,385,北部,公立,,,,,,156.0,2.5,公立
108,30,國立臺東大學,臺東縣,2 技職,40,東部,公立,,,,,,197.0,0.2,公立
108,31,國立宜蘭大學,宜蘭縣,1 一般,5419,東部,公立,,,,,,231.0,23.5,公立
108,32,國立聯合大學,苗栗縣,1 一般,7588,中部,公立,,,,,,285.0,26.6,公立
108,33,國立虎尾科技大學,雲林縣,2 技職,10749,中部,公立,,,,,,342.0,31.4,公立
108,35,國立臺南藝術大學,臺南市,1 一般,1607,南部,公立,,,,,,109.0,14.7,公立
108,36,國立臺南大學,臺南市,1 一般,5667,南部,公立,,,,,,232.0,24.4,公立
108,37,國立臺北教育大學,臺北市,3 師範,5790,北部,公立,,,,,,237.0,24.4,公立
108,39,國立臺中教育大學,臺中市,3 師範,4929,中部,公立,,,,,,202.0,24.4,公立
108,42,國立澎湖科技大學,澎湖縣,2 技職,3051,離島,公立,,,,,,121.0,25.2,公立
108,43,國立勤益科技大學,臺中市,2 技職,11130,中部,公立,,,,,,307.0,36.3,公立
108,44,國立體育大學,桃園市,1 一般,2525,北部,公立,,,,,,101.0,25.0,公立
108,46,國立臺北護理健康大學,臺北市,2 技職,5227,北部,公立,,,,,,195.0,26.8,公立
108,47,國立高雄餐旅大學,高雄市,2 技職,5036,南部,公立,,,,,,162.0,31.1,公立
108,48,國立金門大學,金門縣,1 一般,4387,離島,公立,,,,,,149.0,29.4,公立
108,49,國立臺灣體育運動大學,臺中市,1 一般,3107,中部,公立,,,,,,114.0,27.3,公立
108,50,國立臺中科技大學,臺中市,2 技職,13367,中部,公立,,,,,,427.0,31.3,公立
108,51,國立臺北商業大學,臺北市,2 技職,6761,北部,公立,,,,,,215.0,31.4,公立
108,52,國立屏東大學,屏東縣,1 一般,8964,南部,公立,,,,,,347.0,25.8,公立
108,53,國立高雄科技大學,高雄市,2 技職,27302,南部,公立,,,,,,871.0,31.3,公立
108,144,國立臺灣戲曲學院,臺北市,2 技職,595,北部,公立,,,,,,32.0,18.6,公立
108,221,國立臺南護理專科學校,臺南市,2 技職,1939,南部,公立,,,,,,90.0,21.5,公立
108,222,國立臺東專科學校,臺東縣,2 技職,1120,東部,公立,,,,,,67.0,16.7,公立
108,1001,東海大學,臺中市,1 一般,15751,中部,私立,,,,,,557.0,28.3,私立
108,1002,輔仁大學,新北市,2 技職,60,北部,私立,,,,,,727.0,0.1,私立
108,1003,東吳大學,臺北市,1 一般,15444,北部,私立,,,,,,442.0,34.9,私立
108,1004,中原大學,桃園市,1 一般,16217,北部,私立,,,,,,495.0,32.8,私立
108,1005,淡江大學,新北市,2 技職,1,北部,,,,,,,,,未知
108,1006,中國文化大學,臺北市,2 技職,159,北部,私立,,,,,,724.0,0.2,私立
108,1007,逢甲大學,臺中市,1 一般,20544,中部,私立,,,,,,633.0,32.5,私立
108,1008,靜宜大學,臺中市,1 一般,12007,中部,私立,,,,,,387.0,31.0,私立
108,1009,長庚大學,桃園市,1 一般,6834,北部,私立,,,,,,581.0,11.8,私立
108,1010,元智大學,桃園市,1 一般,8703,北部,私立,,,,,,301.0,28.9,私立
108,1011,中華大學,新竹市,2 技職,188,北部,,,,,,,,,未知
108,1012,大葉大學,彰化縣,2 技職,98,中部,私立,,,,,,298.0,0.3,私立
108,1013,華梵大學,新北市,1 一般,1518,北部,,,,,,,,,未知
108,1014,義守大學,高雄市,2 技職,181,南部,私立,,,,,,535.0,0.3,私立
108,1015,世新大學,臺北市,1 一般,11387,北部,私立,,,,,,333.0,34.2,私立
108,1016,銘傳大學,臺北市,1 一般,18791,北部,私立,,,,,,571.0,32.9,私立
108,1017,實踐大學,臺北市,2 技職,122,北部,私立,,,,,,355.0,0.3,私立
108,1018,朝陽科技大學,臺中市,2 技職,15364,中部,私立,,,,,,395.0,38.9,私立
108,1019,高雄醫學大學,高雄市,2 技職,25,南部,私立,,,,,,558.0,0.0,私立
108,1020,南華大學,嘉義縣,1 一般,5690,南部,私立,,,,,,206.0,27.6,私立
108,1021,真理大學,新北市,1 一般,5587,北部,私立,,,,,,255.0,21.9,私立
108,1022,大同大學,臺北市,1 一般,4167,北部,私立,,,,,,150.0,27.8,私立
108,1023,南臺科技大學,臺南市,2 技職,18563,南部,,,,,,,,,未知
108,1024,崑山科技大學,臺南市,2 技職,11270,南部,私立,,,,,,334.0,33.7,私立
108,1025,嘉南藥理大學,臺南市,2 技職,13139,南部,,,,,,,,,未知
108,1026,樹德科技大學,高雄市,2 技職,10492,南部,私立,,,,,,272.0,38.6,私立
108,1027,慈濟大學,花蓮縣,1 一般,3373,東部,,,,,,,,,未知
108,1028,臺北醫學大學,臺北市,1 一般,5946,北部,私立,,,,,,651.0,9.1,私立
108,1029,中山醫學大學,臺中市,2 技職,116,中部,私立,,,,,,405.0,0.3,私立
108,1030,龍華科技大學,桃園市,2 技職,11330,北部,私立,,,,,,249.0,45.5,私立
108,1031,輔英科技大學,高雄市,2 技職,9532,南部,私立,,,,,,302.0,31.6,私立
108,1032,明新科技大學,新竹縣,2 技職,12157,北部,,,,,,,,,未知
108,1033,長榮大學,臺南市,1 一般,8609,南部,私立,,,,,,322.0,26.7,私立
108,1034,弘光科技大學,臺中市,2 技職,12779,中部,私立,,,,,,339.0,37.7,私立
108,1035,中國醫藥大學,臺中市,2 技職,13,中部,私立,,,,,,509.0,0.0,私立
108,1036,健行科技大學,桃園市,2 技職,11269,北部,,,,,,,,,未知
108,1037,正修科技大學,高雄市,2 技職,16989,南部,,,,,,,,,未知
108,1038,萬能科技大學,桃園市,2 技職,10119,北部,,,,,,,,,未知
108,1039,玄奘大學,新竹市,1 一般,2889,北部,私立,,,,,,107.0,27.0,私立
108,1040,建國科技大學,彰化縣,2 技職,7273,中部,私立,,,,,,238.0,30.6,私立
108,1041,明志科技大學,新北市,2 技職,4572,北部,私立,,,,,,193.0,23.7,私立
108,1042,高苑科技大學,高雄市,2 技職,3716,南部,,,,,,,,,未知
108,1043,大仁科技大學,屏東縣,2 技職,5777,南部,私立,,,,,,205.0,28.2,私立
108,1044,聖約翰科技大學,新北市,2 技職,3073,北部,私立,,,,,,167.0,18.4,私立
108,1045,嶺東科技大學,臺中市,2 技職,10451,中部,私立,,,,,,275.0,38.0,私立
108,1046,中國科技大學,臺北市,2 技職,9084,北部,私立,,,,,,265.0,34.3,私立
108,1047,中臺科技大學,臺中市,2 技職,8402,中部,私立,,,,,,263.0,31.9,私立
108,1048,亞洲大學,臺中市,1 一般,11689,中部,私立,,,,,,403.0,29.0,私立
108,1049,開南大學,桃園市,1 一般,5894,北部,私立,,,,,,213.0,27.7,私立
108,1050,佛光大學,宜蘭縣,1 一般,3550,東部,私立,,,,,,166.0,21.4,私立
108,1051,台南應用科技大學,臺南市,2 技職,12714,南部,,,,,,,,,未知
108,1052,遠東科技大學,臺南市,2 技職,4942,南部,,,,,,,,,未知
108,1053,元培醫事科技大學,新竹市,2 技職,6206,北部,,,,,,,,,未知
108,1054,景文科技大學,新北市,2 技職,6849,北部,私立,,,,,,186.0,36.8,私立
108,1055,中華醫事科技大學,臺南市,2 技職,8990,南部,私立,,,,,,286.0,31.4,私立
108,1056,東南科技大學,新北市,2 技職,5575,北部,私立,,,,,,181.0,30.8,私立
108,1057,德明財經科技大學,臺北市,2 技職,7826,北部,私立,,,,,,229.0,34.2,私立
108,1058,明道大學,彰化縣,1 一般,3262,中部,,,,,,,,,未知
108,1060,南開科技大學,南投縣,2 技職,4106,中部,私立,,,,,,152.0,27.0,私立
108,1061,中華科技大學,臺北市,2 技職,5176,北部,,,,,,,,,未知
108,1062,僑光科技大學,臺中市,2 技職,11056,中部,私立,,,,,,231.0,47.9,私立
108,1063,育達科技大學,苗栗縣,2 技職,4225,中部,,,,,,,,,未知
108,1064,美和科技大學,屏東縣,2 技職,6626,南部,,,,,,,,,未知
108,1065,吳鳳科技大學,嘉義縣,2 技職,4229,南部,私立,,,,,,147.0,28.8,私立
108,1066,環球科技大學,雲林縣,2 技職,4138,中部,,,,,,,,,未知
108,1067,臺灣首府大學,臺南市,1 一般,1539,南部,,,,,,,,,未知
108,1068,中州科技大學,彰化縣,2 技職,3061,中部,,,,,,,,,未知
108,1069,修平科技大學,臺中市,2 技職,4584,中部,,,,,,,,,未知
108,1070,長庚科技大學,桃園市,2 技職,6437,北部,,,,,,,,,未知
108,1071,臺北城市科技大學,臺北市,2 技職,9378,北部,,,,,,,,,未知
108,1072,大華科技大學,新竹縣,2 技職,1157,北部,,,,,,,,,未知
108,1073,醒吾科技大學,新北市,2 技職,7563,北部,,,,,,,,,未知
108,1075,文藻外語大學,高雄市,2 技職,9321,南部,,,,,,,,,未知
108,1076,華夏科技大學,新北市,2 技職,4036,北部,,,,,,,,,未知
108,1077,慈濟科技大學,花蓮縣,2 技職,3064,東部,,,,,,,,,未知
108,1078,致理科技大學,新北市,2 技職,11369,北部,,,,,,,,,未知
108,1079,康寧大學,臺北市,2 技職,3107,北部,,,,,,,,,未知
108,1080,宏國德霖科技大學,新北市,2 技職,5732,北部,,,,,,,,,未知
108,1081,東方設計大學,高雄市,2 技職,2273,南部,,,,,,,,,未知
108,1082,崇右影藝科技大學,基隆市,2 技職,2014,北部,,,,,,,,,未知
108,1083,台北海洋科技大學,新北市,2 技職,4440,北部,,,,,,,,,未知
108,1125,中信金融管理學院,臺南市,1 一般,718,南部,,,,,,,,,未知
108,1148,大漢技術學院,花蓮縣,2 技職,1075,東部,私立,,,,,,44.0,24.4,私立
108,1159,和春技術學院,高雄市,2 技職,979,南部,私立,,,,,,49.0,20.0,私立
108,1166,亞東技術學院,新北市,2 技職,4497,北部,私立,,,,,,154.0,29.2,私立
108,1168,南亞技術學院,桃園市,2 技職,2689,北部,,,,,,,,,未知
108,1176,稻江科技暨管理學院,嘉義縣,2 技職,126,南部,私立,,,,,,46.0,2.7,私立
108,1182,蘭陽技術學院,宜蘭縣,2 技職,667,東部,私立,,,,,,51.0,13.1,私立
108,1183,黎明技術學院,新北市,2 技職,5060,北部,私立,,,,,,158.0,32.0,私立
108,1185,經國管理暨健康學院,基隆市,2 技職,3709,北部,,,,,,,,,未知
108,1188,大同技術學院,嘉義市,2 技職,1337,南部,私立,,,,,,60.0,22.3,私立
108,1192,臺灣觀光學院,花蓮縣,2 技職,608,東部,私立,,,,,,18.0,33.8,私立
108,1195,馬偕醫學院,新北市,1 一般,684,北部,,,,,,,,,未知
108,1196,法鼓文理學院,新北市,1 一般,305,北部,,,,,,,,,未知
108,1282,馬偕醫護管理專科學校,臺北市,2 技職,4223,北部,,,,,,,,,未知
108,1283,仁德醫護管理專科學校,苗栗縣,2 技職,6433,中部,私立,,,,,,209.0,30.8,私立
108,1284,樹人醫護管理專科學校,高雄市,2 技職,7286,南部,私立,,,,,,221.0,33.0,私立
108,1285,慈惠醫護管理專科學校,屏東縣,2 技職,4504,南部,私立,,,,,,152.0,29.6,私立
108,1286,耕莘健康管理專科學校,新北市,2 技職,4911,北部,私立,,,,,,169.0,29.1,私立
108,1287,敏惠醫護管理專科學校,臺南市,2 技職,3904,南部,私立,,,,,,120.0,32.5,私立
108,1289,育英醫護管理專科學校,高雄市,2 技職,1996,南部,私立,,,,,,69.0,28.9,私立
108,1291,聖母醫護管理專科學校,宜蘭縣,2 技職,2561,東部,私立,,,,,,93.0,27.5,私立
108,1292,新生醫護管理專科學校,桃園市,2 技職,6031,北部,私立,,,,,,218.0,27.7,私立
108,1293,崇仁醫護管理專科學校,嘉義縣,2 技職,3330,南部,私立,,,,,,126.0,26.4,私立
108,3002,臺北市立大學,臺北市,1 一般,7809,北部,公立,,,,,,334.0,23.4,公立
109,1,國立政治大學,臺北市,1 一般,16351,北部,公立,,,,,,731.0,22.4,公立
109,2,國立清華大學,新竹市,1 一般,16917,北部,公立,,,,,,839.0,20.2,公立
109,3,國立臺灣大學,臺北市,1 一般,32527,北部,公立,,,,,,2053.0,15.8,公立
109,4,國立臺灣師範大學,臺北市,3 師範,15920,北部,公立,,,,,,823.0,19.3,公立
109,5,國立成功大學,臺南市,1 一般,21773,南部,公立,,,,,,1336.0,16.3,公立
109,6,國立中興大學,臺中市,1 一般,14974,中部,公立,,,,,,775.0,19.3,公立
109,7,國立交通大學,新竹市,1 一般,15182,北部,,,,,,,,,未知
109,8,國立中央大學,桃園市,1 一般,11938,北部,公立,,,,,,669.0,17.8,公立
109,9,國立中山大學,高雄市,1 一般,9706,南部,公立,,,,,,558.0,17.4,公立
109,12,國立臺灣海洋大學,基隆市,1 一般,8905,北部,公立,,,,,,440.0,20.2,公立
109,13,國立中正大學,嘉義縣,1 一般,11128,南部,公立,,,,,,533.0,20.9,公立
109,14,國立高雄師範大學,高雄市,3 師範,6845,南部,公立,,,,,,286.0,23.9,公立
109,15,國立彰化師範大學,彰化縣,3 師範,8453,中部,公立,,,,,,368.0,23.0,公立
109,16,國立陽明大學,臺北市,1 一般,4534,北部,公立,,,,,,405.0,11.2,公立
109,17,國立臺北大學,新北市,1 一般,10080,北部,公立,,,,,,384.0,26.2,公立
109,18,國立嘉義大學,嘉義市,1 一般,11689,南部,公立,,,,,,513.0,22.8,公立
109,19,國立高雄大學,高雄市,2 技職,160,南部,公立,,,,,,238.0,0.7,公立
109,20,國立東華大學,花蓮縣,1 一般,10008,東部,公立,,,,,,457.0,21.9,公立
109,21,國立暨南國際大學,南投縣,1 一般,6016,中部,公立,,,,,,273.0,22.0,公立
109,22,國立臺灣科技大學,臺北市,2 技職,11171,北部,公立,,,,,,560.0,19.9,公立
109,23,國立雲林科技大學,雲林縣,2 技職,9808,中部,公立,,,,,,425.0,23.1,公立
109,24,國立屏東科技大學,屏東縣,2 技職,10818,南部,公立,,,,,,433.0,25.0,公立
109,25,國立臺北科技大學,臺北市,2 技職,13837,北部,公立,,,,,,459.0,30.1,公立
109,28,國立臺北藝術大學,臺北市,1 一般,3144,北部,公立,,,,,,165.0,19.1,公立
109,29,國立臺灣藝術大學,新北市,2 技職,383,北部,公立,,,,,,155.0,2.5,公立
109,30,國立臺東大學,臺東縣,2 技職,76,東部,公立,,,,,,202.0,0.4,公立
109,31,國立宜蘭大學,宜蘭縣,1 一般,5476,東部,公立,,,,,,235.0,23.3,公立
109,32,國立聯合大學,苗栗縣,1 一般,7559,中部,公立,,,,,,284.0,26.6,公立
109,33,國立虎尾科技大學,雲林縣,2 技職,11038,中部,公立,,,,,,347.0,31.8,公立
109,35,國立臺南藝術大學,臺南市,1 一般,1599,南部,公立,,,,,,109.0,14.7,公立
109,36,國立臺南大學,臺南市,1 一般,5773,南部,公立,,,,,,230.0,25.1,公立
109,37,國立臺北教育大學,臺北市,3 師範,5885,北部,公立,,,,,,238.0,24.7,公立
109,39,國立臺中教育大學,臺中市,3 師範,4902,中部,公立,,,,,,203.0,24.1,公立
109,42,國立澎湖科技大學,澎湖縣,2 技職,3047,離島,公立,,,,,,127.0,24.0,公立
109,43,國立勤益科技大學,臺中市,2 技職,12134,中部,公立,,,,,,315.0,38.5,公立
109,44,國立體育大學,桃園市,1 一般,2586,北部,公立,,,,,,102.0,25.4,公立
109,46,國立臺北護理健康大學,臺北市,2 技職,5338,北部,公立,,,,,,207.0,25.8,公立
109,47,國立高雄餐旅大學,高雄市,2 技職,4929,南部,公立,,,,,,164.0,30.1,公立
109,48,國立金門大學,金門縣,1 一般,4131,離島,公立,,,,,,147.0,28.1,公立
109,49,國立臺灣體育運動大學,臺中市,1 一般,3122,中部,公立,,,,,,124.0,25.2,公立
109,50,國立臺中科技大學,臺中市,2 技職,16091,中部,公立,,,,,,423.0,38.0,公立
109,51,國立臺北商業大學,臺北市,2 技職,7632,北部,公立,,,,,,221.0,34.5,公立
109,52,國立屏東大學,屏東縣,1 一般,9027,南部,公立,,,,,,350.0,25.8,公立
109,53,國立高雄科技大學,高雄市,2 技職,27438,南部,公立,,,,,,864.0,31.8,公立
109,144,國立臺灣戲曲學院,臺北市,2 技職,546,北部,公立,,,,,,32.0,17.1,公立
109,221,國立臺南護理專科學校,臺南市,2 技職,1917,南部,公立,,,,,,92.0,20.8,公立
109,222,國立臺東專科學校,臺東縣,2 技職,1041,東部,公立,,,,,,67.0,15.5,公立
109,1001,東海大學,臺中市,1 一般,15710,中部,私立,,,,,,561.0,28.0,私立
109,1002,輔仁大學,新北市,2 技職,54,北部,私立,,,,,,728.0,0.1,私立
109,1003,東吳大學,臺北市,1 一般,15374,北部,私立,,,,,,431.0,35.7,私立
109,1004,中原大學,桃園市,1 一般,16405,北部,私立,,,,,,496.0,33.1,私立
109,1005,淡江大學,新北市,1 一般,24209,北部,,,,,,,,,未知
109,1006,中國文化大學,臺北市,2 技職,162,北部,私立,,,,,,704.0,0.2,私立
109,1007,逢甲大學,臺中市,1 一般,21059,中部,私立,,,,,,664.0,31.7,私立
109,1008,靜宜大學,臺中市,1 一般,12018,中部,私立,,,,,,383.0,31.4,私立
109,1009,長庚大學,桃園市,1 一般,6811,北部,私立,,,,,,571.0,11.9,私立
109,1010,元智大學,桃園市,1 一般,8739,北部,私立,,,,,,301.0,29.0,私立
109,1011,中華大學,新竹市,2 技職,193,北部,,,,,,,,,未知
109,1012,大葉大學,彰化縣,2 技職,81,中部,私立,,,,,,292.0,0.3,私立
109,1013,華梵大學,新北市,1 一般,1165,北部,,,,,,,,,未知
109,1014,義守大學,高雄市,2 技職,154,南部,私立,,,,,,540.0,0.3,私立
109,1015,世新大學,臺北市,1 一般,11223,北部,私立,,,,,,346.0,32.4,私立
109,1016,銘傳大學,臺北市,1 一般,18614,北部,私立,,,,,,568.0,32.8,私立
109,1017,實踐大學,臺北市,2 技職,123,北部,私立,,,,,,339.0,0.4,私立
109,1018,朝陽科技大學,臺中市,2 技職,15050,中部,私立,,,,,,394.0,38.2,私立
109,1019,高雄醫學大學,高雄市,2 技職,12,南部,私立,,,,,,544.0,0.0,私立
109,1020,南華大學,嘉義縣,1 一般,5701,南部,私立,,,,,,192.0,29.7,私立
109,1021,真理大學,新北市,1 一般,5255,北部,私立,,,,,,233.0,22.6,私立
109,1022,大同大學,臺北市,1 一般,4012,北部,私立,,,,,,143.0,28.1,私立
109,1023,南臺科技大學,臺南市,2 技職,18024,南部,,,,,,,,,未知
109,1024,崑山科技大學,臺南市,2 技職,10537,南部,私立,,,,,,313.0,33.7,私立
109,1025,嘉南藥理大學,臺南市,2 技職,12234,南部,,,,,,,,,未知
109,1026,樹德科技大學,高雄市,2 技職,10496,南部,私立,,,,,,267.0,39.3,私立
109,1027,慈濟大學,花蓮縣,1 一般,3383,東部,,,,,,,,,未知
109,1028,臺北醫學大學,臺北市,1 一般,5993,北部,私立,,,,,,669.0,9.0,私立
109,1029,中山醫學大學,臺中市,2 技職,124,中部,私立,,,,,,404.0,0.3,私立
109,1030,龍華科技大學,桃園市,2 技職,11606,北部,私立,,,,,,265.0,43.8,私立
109,1031,輔英科技大學,高雄市,2 技職,9791,南部,私立,,,,,,323.0,30.3,私立
109,1032,明新科技大學,新竹縣,2 技職,11886,北部,,,,,,,,,未知
109,1033,長榮大學,臺南市,1 一般,8248,南部,私立,,,,,,323.0,25.5,私立
109,1034,弘光科技大學,臺中市,2 技職,12700,中部,私立,,,,,,343.0,37.0,私立
109,1035,中國醫藥大學,臺中市,2 技職,1,中部,私立,,,,,,521.0,0.0,私立
109,1036,健行科技大學,桃園市,2 技職,11279,北部,,,,,,,,,未知
109,1037,正修科技大學,高雄市,2 技職,17473,南部,,,,,,,,,未知
109,1038,萬能科技大學,桃園市,2 技職,9691,北部,,,,,,,,,未知
109,1039,玄奘大學,新竹市,1 一般,2408,北部,私立,,,,,,112.0,21.5,私立
109,1040,建國科技大學,彰化縣,2 技職,6620,中部,私立,,,,,,223.0,29.7,私立
109,1041,明志科技大學,新北市,2 技職,4492,北部,私立,,,,,,199.0,22.6,私立
109,1042,高苑科技大學,高雄市,2 技職,3510,南部,,,,,,,,,未知
109,1043,大仁科技大學,屏東縣,2 技職,5389,南部,私立,,,,,,180.0,29.9,私立
109,1044,聖約翰科技大學,新北市,2 技職,2391,北部,私立,,,,,,133.0,18.0,私立
109,1045,嶺東科技大學,臺中市,2 技職,10510,中部,私立,,,,,,274.0,38.4,私立
109,1046,中國科技大學,臺北市,2 技職,8815,北部,私立,,,,,,248.0,35.5,私立
109,1047,中臺科技大學,臺中市,2 技職,8170,中部,私立,,,,,,242.0,33.8,私立
109,1048,亞洲大學,臺中市,1 一般,11421,中部,私立,,,,,,394.0,29.0,私立
109,1049,開南大學,桃園市,1 一般,5587,北部,私立,,,,,,204.0,27.4,私立
109,1050,佛光大學,宜蘭縣,1 一般,3458,東部,私立,,,,,,165.0,21.0,私立
109,1051,台南應用科技大學,臺南市,2 技職,12363,南部,,,,,,,,,未知
109,1052,遠東科技大學,臺南市,2 技職,4724,南部,,,,,,,,,未知
109,1053,元培醫事科技大學,新竹市,2 技職,6186,北部,,,,,,,,,未知
109,1054,景文科技大學,新北市,2 技職,6656,北部,私立,,,,,,172.0,38.7,私立
109,1055,中華醫事科技大學,臺南市,2 技職,8724,南部,私立,,,,,,279.0,31.3,私立
109,1056,東南科技大學,新北市,2 技職,5168,北部,私立,,,,,,170.0,30.4,私立
109,1057,德明財經科技大學,臺北市,2 技職,7384,北部,私立,,,,,,224.0,33.0,私立
109,1058,明道大學,彰化縣,1 一般,2525,中部,,,,,,,,,未知
109,1060,南開科技大學,南投縣,2 技職,3755,中部,私立,,,,,,140.0,26.8,私立
109,1061,中華科技大學,臺北市,2 技職,4773,北部,,,,,,,,,未知
109,1062,僑光科技大學,臺中市,2 技職,10610,中部,私立,,,,,,237.0,44.8,私立
109,1063,育達科技大學,苗栗縣,2 技職,3962,中部,,,,,,,,,未知
109,1064,美和科技大學,屏東縣,2 技職,6300,南部,,,,,,,,,未知
109,1065,吳鳳科技大學,嘉義縣,2 技職,5058,南部,私立,,,,,,145.0,34.9,私立
109,1066,環球科技大學,雲林縣,2 技職,3673,中部,,,,,,,,,未知
109,1067,臺灣首府大學,臺南市,1 一般,1130,南部,,,,,,,,,未知
109,1068,中州科技大學,彰化縣,2 技職,2668,中部,,,,,,,,,未知
109,1069,修平科技大學,臺中市,2 技職,4469,中部,,,,,,,,,未知
109,1070,長庚科技大學,桃園市,2 技職,6333,北部,,,,,,,,,未知
109,1071,臺北城市科技大學,臺北市,2 技職,9858,北部,,,,,,,,,未知
109,1072,敏實科技大學,新竹縣,2 技職,771,北部,,,,,,,,,未知
109,1073,醒吾科技大學,新北市,2 技職,7943,北部,,,,,,,,,未知
109,1075,文藻外語大學,高雄市,2 技職,9012,南部,,,,,,,,,未知
109,1076,華夏科技大學,新北市,2 技職,4043,北部,,,,,,,,,未知
109,1077,慈濟科技大學,花蓮縣,2 技職,3163,東部,,,,,,,,,未知
109,1078,致理科技大學,新北市,2 技職,11575,北部,,,,,,,,,未知
109,1079,康寧大學,臺北市,2 技職,3115,北部,,,,,,,,,未知
109,1080,宏國德霖科技大學,新北市,2 技職,5370,北部,,,,,,,,,未知
109,1081,東方設計大學,高雄市,2 技職,2072,南部,,,,,,,,,未知
109,1082,崇右影藝科技大學,基隆市,2 技職,2609,北部,,,,,,,,,未知
109,1083,台北海洋科技大學,新北市,2 技職,4192,北部,,,,,,,,,未知
109,1125,中信金融管理學院,臺南市,1 一般,825,南部,,,,,,,,,未知
109,1148,大漢技術學院,花蓮縣,2 技職,999,東部,私立,,,,,,42.0,23.8,私立
109,1159,和春技術學院,高雄市,2 技職,688,南部,私立,,,,,,48.0,14.3,私立
109,1166,亞東技術學院,新北市,2 技職,4388,北部,私立,,,,,,149.0,29.4,私立
109,1168,南亞技術學院,桃園市,2 技職,3363,北部,,,,,,,,,未知
109,1176,稻江科技暨管理學院,嘉義縣,2 技職,24,南部,私立,,,,,,17.0,1.4,私立
109,1182,蘭陽技術學院,宜蘭縣,2 技職,513,東部,私立,,,,,,44.0,11.7,私立
109,1183,黎明技術學院,新北市,2 技職,5191,北部,私立,,,,,,169.0,30.7,私立
109,1185,經國管理暨健康學院,基隆市,2 技職,4221,北部,,,,,,,,,未知
109,1188,大同技術學院,嘉義市,2 技職,1137,南部,私立,,,,,,52.0,21.9,私立
109,1192,臺灣觀光學院,花蓮縣,2 技職,268,東部,私立,,,,,,10.0,26.8,私立
109,1195,馬偕醫學院,新北市,2 技職,39,北部,,,,,,,,,未知
109,1196,法鼓文理學院,新北市,1 一般,302,北部,,,,,,,,,未知
109,1282,馬偕醫護管理專科學校,臺北市,2 技職,4106,北部,,,,,,,,,未知
109,1283,仁德醫護管理專科學校,苗栗縣,2 技職,6515,中部,私立,,,,,,216.0,30.2,私立
109,1284,樹人醫護管理專科學校,高雄市,2 技職,7279,南部,私立,,,,,,224.0,32.5,私立
109,1285,慈惠醫護管理專科學校,屏東縣,2 技職,3977,南部,私立,,,,,,140.0,28.4,私立
109,1286,耕莘健康管理專科學校,新北市,2 技職,4698,北部,私立,,,,,,164.0,28.6,私立
109,1287,敏惠醫護管理專科學校,臺南市,2 技職,3936,南部,私立,,,,,,128.0,30.8,私立
109,1289,育英醫護管理專科學校,高雄市,2 技職,1991,南部,私立,,,,,,70.0,28.4,私立
109,1291,聖母醫護管理專科學校,宜蘭縣,2 技職,2227,東部,私立,,,,,,89.0,25.0,私立
109,1292,新生醫護管理專科學校,桃園市,2 技職,6064,北部,私立,,,,,,214.0,28.3,私立
109,1293,崇仁醫護管理專科學校,嘉義縣,2 技職,3293,南部,私立,,,,,,124.0,26.6,私立
109,3002,臺北市立大學,臺北市,1 一般,7986,北部,公立,,,,,,323.0,24.7,公立
110,1,國立政治大學,臺北市,1 一般,16110,北部,公立,,,,,,726.0,22.2,公立
110,2,國立清華大學,新竹市,1 一般,17488,北部,公立,,,,,,859.0,20.4,公立
110,3,國立臺灣大學,臺北市,1 一般,32923,北部,公立,,,,,,2064.0,16.0,公立
110,4,國立臺灣師範大學,臺北市,3 師範,16164,北部,公立,,,,,,825.0,19.6,公立
110,5,國立成功大學,臺南市,1 一般,22406,南部,公立,,,,,,1328.0,16.9,公立
110,6,國立中興大學,臺中市,1 一般,15154,中部,公立,,,,,,840.0,18.0,公立
110,7,國立陽明交通大學,新竹市,1 一般,20412,北部,公立,,,,,,1156.0,17.7,公立
110,8,國立中央大學,桃園市,1 一般,12128,北部,公立,,,,,,675.0,18.0,公立
110,9,國立中山大學,高雄市,1 一般,9897,南部,公立,,,,,,574.0,17.2,公立
110,12,國立臺灣海洋大學,基隆市,1 一般,9068,北部,公立,,,,,,443.0,20.5,公立
110,13,國立中正大學,嘉義縣,1 一般,11212,南部,公立,,,,,,532.0,21.1,公立
110,14,國立高雄師範大學,高雄市,3 師範,7147,南部,公立,,,,,,284.0,25.2,公立
110,15,國立彰化師範大學,彰化縣,3 師範,8459,中部,公立,,,,,,382.0,22.1,公立
110,17,國立臺北大學,新北市,1 一般,10236,北部,公立,,,,,,382.0,26.8,公立
110,18,國立嘉義大學,嘉義市,1 一般,11805,南部,公立,,,,,,500.0,23.6,公立
110,19,國立高雄大學,高雄市,2 技職,146,南部,公立,,,,,,238.0,0.6,公立
110,20,國立東華大學,花蓮縣,1 一般,10251,東部,公立,,,,,,456.0,22.5,公立
110,21,國立暨南國際大學,南投縣,1 一般,6242,中部,公立,,,,,,270.0,23.1,公立
110,22,國立臺灣科技大學,臺北市,2 技職,11229,北部,公立,,,,,,522.0,21.5,公立
110,23,國立雲林科技大學,雲林縣,2 技職,9885,中部,公立,,,,,,418.0,23.6,公立
110,24,國立屏東科技大學,屏東縣,2 技職,10687,南部,公立,,,,,,403.0,26.5,公立
110,25,國立臺北科技大學,臺北市,2 技職,13621,北部,公立,,,,,,463.0,29.4,公立
110,28,國立臺北藝術大學,臺北市,1 一般,3063,北部,公立,,,,,,168.0,18.2,公立
110,29,國立臺灣藝術大學,新北市,2 技職,355,北部,公立,,,,,,165.0,2.2,公立
110,30,國立臺東大學,臺東縣,2 技職,110,東部,公立,,,,,,206.0,0.5,公立
110,31,國立宜蘭大學,宜蘭縣,1 一般,5637,東部,公立,,,,,,233.0,24.2,公立
110,32,國立聯合大學,苗栗縣,1 一般,7655,中部,公立,,,,,,283.0,27.0,公立
110,33,國立虎尾科技大學,雲林縣,2 技職,11408,中部,公立,,,,,,349.0,32.7,公立
110,35,國立臺南藝術大學,臺南市,1 一般,1616,南部,公立,,,,,,107.0,15.1,公立
110,36,國立臺南大學,臺南市,1 一般,5939,南部,公立,,,,,,227.0,26.2,公立
110,37,國立臺北教育大學,臺北市,3 師範,5938,北部,公立,,,,,,245.0,24.2,公立
110,39,國立臺中教育大學,臺中市,3 師範,5005,中部,公立,,,,,,204.0,24.5,公立
110,42,國立澎湖科技大學,澎湖縣,2 技職,3063,離島,公立,,,,,,128.0,23.9,公立
110,43,國立勤益科技大學,臺中市,2 技職,12442,中部,公立,,,,,,314.0,39.6,公立
110,44,國立體育大學,桃園市,1 一般,2643,北部,公立,,,,,,102.0,25.9,公立
110,46,國立臺北護理健康大學,臺北市,2 技職,5365,北部,公立,,,,,,212.0,25.3,公立
110,47,國立高雄餐旅大學,高雄市,2 技職,4798,南部,公立,,,,,,164.0,29.3,公立
110,48,國立金門大學,金門縣,1 一般,4215,離島,公立,,,,,,148.0,28.5,公立
110,49,國立臺灣體育運動大學,臺中市,1 一般,3121,中部,公立,,,,,,126.0,24.8,公立
110,50,國立臺中科技大學,臺中市,2 技職,16191,中部,公立,,,,,,418.0,38.7,公立
110,51,國立臺北商業大學,臺北市,2 技職,7490,北部,公立,,,,,,220.0,34.0,公立
110,52,國立屏東大學,屏東縣,1 一般,9137,南部,公立,,,,,,355.0,25.7,公立
110,53,國立高雄科技大學,高雄市,2 技職,27902,南部,公立,,,,,,860.0,32.4,公立
110,144,國立臺灣戲曲學院,臺北市,2 技職,541,北部,公立,,,,,,35.0,15.5,公立
110,221,國立臺南護理專科學校,臺南市,2 技職,1926,南部,公立,,,,,,92.0,20.9,公立
110,222,國立臺東專科學校,臺東縣,2 技職,955,東部,公立,,,,,,64.0,14.9,公立
110,1001,東海大學,臺中市,1 一般,15867,中部,私立,,,,,,554.0,28.6,私立
110,1002,輔仁大學,新北市,2 技職,58,北部,私立,,,,,,732.0,0.1,私立
110,1003,東吳大學,臺北市,1 一般,15458,北部,私立,,,,,,432.0,35.8,私立
110,1004,中原大學,桃園市,1 一般,16529,北部,私立,,,,,,499.0,33.1,私立
110,1005,淡江大學,新北市,1 一般,24534,北部,,,,,,,,,未知
110,1006,中國文化大學,臺北市,2 技職,159,北部,私立,,,,,,693.0,0.2,私立
110,1007,逢甲大學,臺中市,1 一般,21393,中部,私立,,,,,,657.0,32.6,私立
110,1008,靜宜大學,臺中市,1 一般,12173,中部,私立,,,,,,374.0,32.5,私立
110,1009,長庚大學,桃園市,1 一般,6930,北部,私立,,,,,,592.0,11.7,私立
110,1010,元智大學,桃園市,1 一般,8799,北部,私立,,,,,,296.0,29.7,私立
110,1011,中華大學,新竹市,2 技職,243,北部,,,,,,,,,未知
110,1012,大葉大學,彰化縣,2 技職,74,中部,私立,,,,,,285.0,0.3,私立
110,1013,華梵大學,新北市,1 一般,1090,北部,,,,,,,,,未知
110,1014,義守大學,高雄市,2 技職,164,南部,私立,,,,,,532.0,0.3,私立
110,1015,世新大學,臺北市,1 一般,11434,北部,私立,,,,,,339.0,33.7,私立
110,1016,銘傳大學,臺北市,1 一般,18970,北部,私立,,,,,,556.0,34.1,私立
110,1017,實踐大學,臺北市,2 技職,98,北部,私立,,,,,,324.0,0.3,私立
110,1018,朝陽科技大學,臺中市,2 技職,14655,中部,私立,,,,,,390.0,37.6,私立
110,1019,高雄醫學大學,高雄市,1 一般,6528,南部,私立,,,,,,535.0,12.2,私立
110,1020,南華大學,嘉義縣,1 一般,5472,南部,私立,,,,,,195.0,28.1,私立
110,1021,真理大學,新北市,1 一般,5010,北部,私立,,,,,,225.0,22.3,私立
110,1022,大同大學,臺北市,1 一般,3980,北部,私立,,,,,,140.0,28.4,私立
110,1023,南臺科技大學,臺南市,2 技職,17222,南部,,,,,,,,,未知
110,1024,崑山科技大學,臺南市,2 技職,9970,南部,私立,,,,,,293.0,34.0,私立
110,1025,嘉南藥理大學,臺南市,2 技職,11458,南部,,,,,,,,,未知
110,1026,樹德科技大學,高雄市,2 技職,10043,南部,私立,,,,,,256.0,39.2,私立
110,1027,慈濟大學,花蓮縣,1 一般,3348,東部,,,,,,,,,未知
110,1028,臺北醫學大學,臺北市,1 一般,6137,北部,私立,,,,,,681.0,9.0,私立
110,1029,中山醫學大學,臺中市,2 技職,122,中部,私立,,,,,,410.0,0.3,私立
110,1030,龍華科技大學,桃園市,2 技職,12004,北部,私立,,,,,,275.0,43.7,私立
110,1031,輔英科技大學,高雄市,2 技職,9728,南部,私立,,,,,,321.0,30.3,私立
110,1032,明新科技大學,新竹縣,2 技職,11377,北部,,,,,,,,,未知
110,1033,長榮大學,臺南市,1 一般,7849,南部,私立,,,,,,318.0,24.7,私立
110,1034,弘光科技大學,臺中市,2 技職,12666,中部,私立,,,,,,337.0,37.6,私立
110,1035,中國醫藥大學,臺中市,1 一般,7243,中部,私立,,,,,,518.0,14.0,私立
110,1036,健行科技大學,桃園市,2 技職,11167,北部,,,,,,,,,未知
110,1037,正修科技大學,高雄市,2 技職,17568,南部,,,,,,,,,未知
110,1038,萬能科技大學,桃園市,2 技職,9013,北部,,,,,,,,,未知
110,1039,玄奘大學,新竹市,1 一般,2049,北部,私立,,,,,,107.0,19.1,私立
110,1040,建國科技大學,彰化縣,2 技職,5871,中部,私立,,,,,,195.0,30.1,私立
110,1041,明志科技大學,新北市,2 技職,4438,北部,私立,,,,,,199.0,22.3,私立
110,1042,高苑科技大學,高雄市,2 技職,3140,南部,,,,,,,,,未知
110,1043,大仁科技大學,屏東縣,2 技職,4934,南部,私立,,,,,,164.0,30.1,私立
110,1044,聖約翰科技大學,新北市,2 技職,1838,北部,私立,,,,,,122.0,15.1,私立
110,1045,嶺東科技大學,臺中市,2 技職,10253,中部,私立,,,,,,269.0,38.1,私立
110,1046,中國科技大學,臺北市,2 技職,8612,北部,私立,,,,,,230.0,37.4,私立
110,1047,中臺科技大學,臺中市,2 技職,7604,中部,私立,,,,,,232.0,32.8,私立
110,1048,亞洲大學,臺中市,1 一般,11431,中部,私立,,,,,,387.0,29.5,私立
110,1049,開南大學,桃園市,1 一般,5108,北部,私立,,,,,,186.0,27.5,私立
110,1050,佛光大學,宜蘭縣,1 一般,3242,東部,私立,,,,,,162.0,20.0,私立
110,1051,台南應用科技大學,臺南市,2 技職,11716,南部,,,,,,,,,未知
110,1052,遠東科技大學,臺南市,2 技職,3757,南部,,,,,,,,,未知
110,1053,元培醫事科技大學,新竹市,2 技職,5751,北部,,,,,,,,,未知
110,1054,景文科技大學,新北市,2 技職,5903,北部,私立,,,,,,166.0,35.6,私立
110,1055,中華醫事科技大學,臺南市,2 技職,8511,南部,私立,,,,,,261.0,32.6,私立
110,1056,東南科技大學,新北市,2 技職,4850,北部,私立,,,,,,154.0,31.5,私立
110,1057,德明財經科技大學,臺北市,2 技職,7292,北部,私立,,,,,,221.0,33.0,私立
110,1058,明道大學,彰化縣,1 一般,2013,中部,,,,,,,,,未知
110,1060,南開科技大學,南投縣,2 技職,3235,中部,私立,,,,,,113.0,28.6,私立
110,1061,中華科技大學,臺北市,2 技職,4365,北部,,,,,,,,,未知
110,1062,僑光科技大學,臺中市,2 技職,9841,中部,私立,,,,,,227.0,43.4,私立
110,1063,育達科技大學,苗栗縣,2 技職,3784,中部,,,,,,,,,未知
110,1064,美和科技大學,屏東縣,2 技職,5935,南部,,,,,,,,,未知
110,1065,吳鳳科技大學,嘉義縣,2 技職,4915,南部,私立,,,,,,139.0,35.4,私立
110,1066,環球科技大學,雲林縣,2 技職,2831,中部,,,,,,,,,未知
110,1067,臺灣首府大學,臺南市,1 一般,811,南部,,,,,,,,,未知
110,1068,中州科技大學,彰化縣,2 技職,1931,中部,,,,,,,,,未知
110,1069,修平科技大學,臺中市,2 技職,5024,中部,,,,,,,,,未知
110,1070,長庚科技大學,桃園市,2 技職,6397,北部,,,,,,,,,未知
110,1071,臺北城市科技大學,臺北市,2 技職,9459,北部,,,,,,,,,未知
110,1072,敏實科技大學,新竹縣,2 技職,579,北部,,,,,,,,,未知
110,1073,醒吾科技大學,新北市,2 技職,7517,北部,,,,,,,,,未知
110,1075,文藻外語大學,高雄市,2 技職,8683,南部,,,,,,,,,未知
110,1076,華夏科技大學,新北市,2 技職,3500,北部,,,,,,,,,未知
110,1077,慈濟科技大學,花蓮縣,2 技職,3211,東部,,,,,,,,,未知
110,1078,致理科技大學,新北市,2 技職,11486,北部,,,,,,,,,未知
110,1079,康寧大學,臺北市,2 技職,3017,北部,,,,,,,,,未知
110,1080,宏國德霖科技大學,新北市,2 技職,4996,北部,,,,,,,,,未知
110,1081,東方設計大學,高雄市,2 技職,1471,南部,,,,,,,,,未知
110,1082,崇右影藝科技大學,基隆市,2 技職,1924,北部,,,,,,,,,未知
110,1083,台北海洋科技大學,新北市,2 技職,4124,北部,,,,,,,,,未知
110,1084,亞東科技大學,新北市,2 技職,4223,北部,,,,,,,,,未知
110,1125,中信金融管理學院,臺南市,1 一般,919,南部,,,,,,,,,未知
110,1148,大漢技術學院,花蓮縣,2 技職,904,東部,私立,,,,,,38.0,23.8,私立
110,1159,和春技術學院,高雄市,2 技職,301,南部,私立,,,,,,36.0,8.4,私立
110,1168,南亞技術學院,桃園市,2 技職,2762,北部,,,,,,,,,未知
110,1182,蘭陽技術學院,宜蘭縣,2 技職,325,東部,私立,,,,,,27.0,12.0,私立
110,1183,黎明技術學院,新北市,2 技職,5254,北部,私立,,,,,,156.0,33.7,私立
110,1185,經國管理暨健康學院,基隆市,2 技職,4008,北部,,,,,,,,,未知
110,1188,大同技術學院,嘉義市,2 技職,942,南部,私立,,,,,,46.0,20.5,私立
110,1195,馬偕醫學院,新北市,2 技職,78,北部,,,,,,,,,未知
110,1196,法鼓文理學院,新北市,1 一般,329,北部,,,,,,,,,未知
110,1282,馬偕醫護管理專科學校,臺北市,2 技職,3997,北部,,,,,,,,,未知
110,1283,仁德醫護管理專科學校,苗栗縣,2 技職,6386,中部,私立,,,,,,217.0,29.4,私立
110,1284,樹人醫護管理專科學校,高雄市,2 技職,7305,南部,私立,,,,,,221.0,33.1,私立
110,1285,慈惠醫護管理專科學校,屏東縣,2 技職,3345,南部,私立,,,,,,128.0,26.1,私立
110,1286,耕莘健康管理專科學校,新北市,2 技職,4392,北部,私立,,,,,,166.0,26.5,私立
110,1287,敏惠醫護管理專科學校,臺南市,2 技職,3905,南部,私立,,,,,,121.0,32.3,私立
110,1289,育英醫護管理專科學校,高雄市,2 技職,1923,南部,私立,,,,,,68.0,28.3,私立
110,1291,聖母醫護管理專科學校,宜蘭縣,2 技職,1872,東部,私立,,,,,,85.0,22.0,私立
110,1292,新生醫護管理專科學校,桃園市,2 技職,6055,北部,私立,,,,,,208.0,29.1,私立
110,1293,崇仁醫護管理專科學校,嘉義縣,2 技職,3209,南部,私立,,,,,,120.0,26.7,私立
110,3002,臺北市立大學,臺北市,1 一般,8114,北部,公立,,,,,,322.0,25.2,公立
111,1,國立政治大學,臺北市,1 一般,16727,北部,公立,2283.0,16727.0,0.136,,,735.0,22.8,公立
111,2,國立清華大學,新竹市,1 一般,18034,北部,公立,1446.0,18034.0,0.08,,,857.0,21.0,公立
111,3,國立臺灣大學,臺北市,1 一般,33422,北部,公立,3589.0,33422.0,0.107,,,2097.0,15.9,公立
111,4,國立臺灣師範大學,臺北市,3 師範,16262,北部,公立,2036.0,16262.0,0.125,,,829.0,19.6,公立
111,5,國立成功大學,臺南市,1 一般,22825,南部,公立,1707.0,22825.0,0.075,,,1335.0,17.1,公立
111,6,國立中興大學,臺中市,1 一般,15463,中部,公立,1366.0,15463.0,0.088,,,867.0,17.8,公立
111,7,國立陽明交通大學,新竹市,1 一般,20707,北部,公立,1774.0,20707.0,0.086,,,1152.0,18.0,公立
111,8,國立中央大學,桃園市,1 一般,12294,北部,公立,985.0,12294.0,0.08,,,638.0,19.3,公立
111,9,國立中山大學,高雄市,1 一般,10296,南部,公立,855.0,10296.0,0.083,,,593.0,17.4,公立
111,12,國立臺灣海洋大學,基隆市,1 一般,9167,北部,公立,648.0,9167.0,0.071,,,442.0,20.7,公立
111,13,國立中正大學,嘉義縣,1 一般,11373,南部,公立,1068.0,11373.0,0.094,,,527.0,21.6,公立
111,14,國立高雄師範大學,高雄市,3 師範,7219,南部,公立,1095.0,7219.0,0.152,,,283.0,25.5,公立
111,15,國立彰化師範大學,彰化縣,3 師範,8526,中部,公立,976.0,8526.0,0.114,,,365.0,23.4,公立
111,17,國立臺北大學,新北市,1 一般,10277,北部,公立,787.0,10277.0,0.077,,,381.0,27.0,公立
111,18,國立嘉義大學,嘉義市,1 一般,11486,南部,公立,1124.0,11486.0,0.098,,,486.0,23.6,公立
111,19,國立高雄大學,高雄市,2 技職,124,南部,公立,518.0,5986.0,0.087,,,233.0,0.5,公立
111,20,國立東華大學,花蓮縣,1 一般,10280,東部,公立,1205.0,10280.0,0.117,,,458.0,22.4,公立
111,21,國立暨南國際大學,南投縣,1 一般,6381,中部,公立,481.0,6381.0,0.075,,,264.0,24.2,公立
111,22,國立臺灣科技大學,臺北市,2 技職,11648,北部,公立,854.0,11648.0,0.073,,,522.0,22.3,公立
111,23,國立雲林科技大學,雲林縣,2 技職,10027,中部,公立,722.0,10027.0,0.072,,,411.0,24.4,公立
111,24,國立屏東科技大學,屏東縣,2 技職,10630,南部,公立,649.0,10630.0,0.061,,,433.0,24.5,公立
111,25,國立臺北科技大學,臺北市,2 技職,13633,北部,公立,814.0,13633.0,0.06,,,479.0,28.5,公立
111,28,國立臺北藝術大學,臺北市,1 一般,3179,北部,公立,582.0,3179.0,0.183,,,168.0,18.9,公立
111,29,國立臺灣藝術大學,新北市,2 技職,346,北部,公立,522.0,5614.0,0.093,,,169.0,2.0,公立
111,30,國立臺東大學,臺東縣,2 技職,121,東部,公立,474.0,5099.0,0.093,,,209.0,0.6,公立
111,31,國立宜蘭大學,宜蘭縣,1 一般,5641,東部,公立,372.0,5641.0,0.066,,,234.0,24.1,公立
111,32,國立聯合大學,苗栗縣,1 一般,7649,中部,公立,331.0,7649.0,0.043,,,284.0,26.9,公立
111,33,國立虎尾科技大學,雲林縣,2 技職,11682,中部,公立,546.0,11682.0,0.047,,,353.0,33.1,公立
111,35,國立臺南藝術大學,臺南市,1 一般,1662,南部,公立,281.0,1662.0,0.169,,,107.0,15.5,公立
111,36,國立臺南大學,臺南市,1 一般,5869,南部,公立,674.0,5869.0,0.115,,,224.0,26.2,公立
111,37,國立臺北教育大學,臺北市,3 師範,5955,北部,公立,768.0,5955.0,0.129,,,235.0,25.3,公立
111,39,國立臺中教育大學,臺中市,3 師範,5000,中部,公立,527.0,5000.0,0.105,,,200.0,25.0,公立
111,42,國立澎湖科技大學,澎湖縣,2 技職,2927,離島,公立,158.0,2927.0,0.054,,,128.0,22.9,公立
111,43,國立勤益科技大學,臺中市,2 技職,12421,中部,公立,854.0,12421.0,0.069,,,342.0,36.3,公立
111,44,國立體育大學,桃園市,1 一般,2733,北部,公立,303.0,2733.0,0.111,,,99.0,27.6,公立
111,46,國立臺北護理健康大學,臺北市,2 技職,5297,北部,公立,506.0,5297.0,0.096,,,212.0,25.0,公立
111,47,國立高雄餐旅大學,高雄市,2 技職,4521,南部,公立,213.0,4521.0,0.047,,,158.0,28.6,公立
111,48,國立金門大學,金門縣,1 一般,4175,離島,公立,220.0,4175.0,0.053,,,148.0,28.2,公立
111,49,國立臺灣體育運動大學,臺中市,1 一般,3122,中部,公立,244.0,3122.0,0.078,,,124.0,25.2,公立
111,50,國立臺中科技大學,臺中市,2 技職,16095,中部,公立,1275.0,16095.0,0.079,,,438.0,36.7,公立
111,51,國立臺北商業大學,臺北市,2 技職,7290,北部,公立,531.0,7290.0,0.073,,,227.0,32.1,公立
111,52,國立屏東大學,屏東縣,1 一般,8922,南部,公立,585.0,8922.0,0.066,,,354.0,25.2,公立
111,53,國立高雄科技大學,高雄市,2 技職,27848,南部,公立,1974.0,27848.0,0.071,,,839.0,33.2,公立
111,144,國立臺灣戲曲學院,臺北市,2 技職,516,北部,公立,33.0,516.0,0.064,,,31.0,16.6,公立
111,221,國立臺南護理專科學校,臺南市,2 技職,1985,南部,公立,60.0,1985.0,0.03,,,100.0,19.8,公立
111,222,國立臺東專科學校,臺東縣,2 技職,755,東部,公立,92.0,755.0,0.122,,,61.0,12.4,公立
111,1001,東海大學,臺中市,1 一般,15283,中部,私立,1368.0,15283.0,0.09,,,556.0,27.5,私立
111,1002,輔仁大學,新北市,2 技職,60,北部,私立,1864.0,25981.0,0.072,,,728.0,0.1,私立
111,1003,東吳大學,臺北市,1 一般,15287,北部,私立,1024.0,15287.0,0.067,,,426.0,35.9,私立
111,1004,中原大學,桃園市,1 一般,16629,北部,私立,980.0,16629.0,0.059,,,505.0,32.9,私立
111,1005,淡江大學,新北市,1 一般,23328,北部,,,,,,,,,未知
111,1006,中國文化大學,臺北市,2 技職,178,北部,私立,2597.0,22265.0,0.117,,,666.0,0.3,私立
111,1007,逢甲大學,臺中市,1 一般,21441,中部,私立,964.0,21441.0,0.045,,,645.0,33.2,私立
111,1008,靜宜大學,臺中市,1 一般,11706,中部,私立,630.0,11706.0,0.054,,,360.0,32.5,私立
111,1009,長庚大學,桃園市,1 一般,6987,北部,私立,505.0,6987.0,0.072,,,582.0,12.0,私立
111,1010,元智大學,桃園市,1 一般,8644,北部,私立,381.0,8644.0,0.044,,,296.0,29.2,私立
111,1011,中華大學,新竹市,2 技職,231,北部,,,,,,,,,未知
111,1012,大葉大學,彰化縣,2 技職,47,中部,私立,664.0,5694.0,0.117,,,277.0,0.2,私立
111,1013,華梵大學,新北市,1 一般,991,北部,,,,,,,,,未知
111,1014,義守大學,高雄市,2 技職,147,南部,私立,406.0,12941.0,0.031,,,507.0,0.3,私立
111,1015,世新大學,臺北市,1 一般,10899,北部,私立,744.0,10899.0,0.068,,,322.0,33.8,私立
111,1016,銘傳大學,臺北市,1 一般,18256,北部,私立,1105.0,18256.0,0.061,,,557.0,32.8,私立
111,1017,實踐大學,臺北市,2 技職,78,北部,私立,671.0,11875.0,0.057,,,319.0,0.2,私立
111,1018,朝陽科技大學,臺中市,2 技職,13811,中部,私立,733.0,13811.0,0.053,,,393.0,35.1,私立
111,1019,高雄醫學大學,高雄市,1 一般,6518,南部,私立,569.0,6518.0,0.087,,,529.0,12.3,私立
111,1020,南華大學,嘉義縣,1 一般,5136,南部,私立,625.0,5136.0,0.122,,,193.0,26.6,私立
111,1021,真理大學,新北市,1 一般,4314,北部,私立,207.0,4314.0,0.048,,,213.0,20.3,私立
111,1022,大同大學,臺北市,1 一般,3818,北部,私立,245.0,3818.0,0.064,,,134.0,28.5,私立
111,1023,南臺科技大學,臺南市,2 技職,16106,南部,,,,,,,,,未知
111,1024,崑山科技大學,臺南市,2 技職,9276,南部,私立,1034.0,9276.0,0.111,,,277.0,33.5,私立
111,1025,嘉南藥理大學,臺南市,2 技職,10616,南部,,,,,,,,,未知
111,1026,樹德科技大學,高雄市,2 技職,9131,南部,私立,446.0,9131.0,0.049,,,266.0,34.3,私立
111,1027,慈濟大學,花蓮縣,1 一般,3057,東部,,,,,,,,,未知
111,1028,臺北醫學大學,臺北市,1 一般,6154,北部,私立,499.0,6154.0,0.081,,,698.0,8.8,私立
111,1029,中山醫學大學,臺中市,2 技職,113,中部,私立,434.0,6982.0,0.062,,,401.0,0.3,私立
111,1030,龍華科技大學,桃園市,2 技職,11720,北部,私立,651.0,11720.0,0.056,,,281.0,41.7,私立
111,1031,輔英科技大學,高雄市,2 技職,9098,南部,私立,633.0,9098.0,0.07,,,308.0,29.5,私立
111,1032,明新科技大學,新竹縣,2 技職,10556,北部,,,,,,,,,未知
111,1033,長榮大學,臺南市,1 一般,6783,南部,私立,342.0,6783.0,0.05,,,302.0,22.5,私立
111,1034,弘光科技大學,臺中市,2 技職,12106,中部,私立,1061.0,12106.0,0.088,,,333.0,36.4,私立
111,1035,中國醫藥大學,臺中市,1 一般,7300,中部,私立,552.0,7300.0,0.076,,,509.0,14.3,私立
111,1036,健行科技大學,桃園市,2 技職,10092,北部,,,,,,,,,未知
111,1037,正修科技大學,高雄市,2 技職,16767,南部,,,,,,,,,未知
111,1038,萬能科技大學,桃園市,2 技職,8223,北部,,,,,,,,,未知
111,1039,玄奘大學,新竹市,2 技職,14,北部,私立,294.0,1805.0,0.163,,,101.0,0.1,私立
111,1040,建國科技大學,彰化縣,2 技職,4796,中部,私立,242.0,4796.0,0.05,,,180.0,26.6,私立
111,1041,明志科技大學,新北市,2 技職,4344,北部,私立,111.0,4344.0,0.026,,,206.0,21.1,私立
111,1042,高苑科技大學,高雄市,2 技職,2105,南部,,,,,,,,,未知
111,1043,大仁科技大學,屏東縣,2 技職,4522,南部,私立,795.0,4522.0,0.176,,,156.0,29.0,私立
111,1044,聖約翰科技大學,新北市,2 技職,1119,北部,私立,149.0,1119.0,0.133,,,86.0,13.0,私立
111,1045,嶺東科技大學,臺中市,2 技職,9466,中部,私立,564.0,9466.0,0.06,,,258.0,36.7,私立
111,1046,中國科技大學,臺北市,2 技職,7618,北部,私立,554.0,7618.0,0.073,,,218.0,34.9,私立
111,1047,中臺科技大學,臺中市,2 技職,6921,中部,私立,946.0,6921.0,0.137,,,226.0,30.6,私立
111,1048,亞洲大學,臺中市,1 一般,10913,中部,私立,564.0,10913.0,0.052,,,372.0,29.3,私立
111,1049,開南大學,桃園市,1 一般,4778,北部,私立,427.0,4778.0,0.089,,,176.0,27.1,私立
111,1050,佛光大學,宜蘭縣,1 一般,3068,東部,私立,280.0,3068.0,0.091,,,153.0,20.1,私立
111,1051,台南應用科技大學,臺南市,2 技職,10720,南部,,,,,,,,,未知
111,1052,遠東科技大學,臺南市,2 技職,2932,南部,,,,,,,,,未知
111,1053,元培醫事科技大學,新竹市,2 技職,5060,北部,,,,,,,,,未知
111,1054,景文科技大學,新北市,2 技職,5342,北部,私立,295.0,5342.0,0.055,,,154.0,34.7,私立
111,1055,中華醫事科技大學,臺南市,2 技職,7918,南部,私立,789.0,7918.0,0.1,,,262.0,30.2,私立
111,1056,東南科技大學,新北市,2 技職,4376,北部,私立,580.0,4376.0,0.133,,,139.0,31.5,私立
111,1057,德明財經科技大學,臺北市,2 技職,6425,北部,私立,626.0,6425.0,0.097,,,210.0,30.6,私立
111,1058,明道大學,彰化縣,1 一般,1376,中部,,,,,,,,,未知
111,1060,南開科技大學,南投縣,2 技職,2784,中部,私立,134.0,2784.0,0.048,,,103.0,27.0,私立
111,1061,中華科技大學,臺北市,2 技職,3886,北部,,,,,,,,,未知
111,1062,僑光科技大學,臺中市,2 技職,8900,中部,私立,308.0,8900.0,0.035,,,215.0,41.4,私立
111,1063,育達科技大學,苗栗縣,2 技職,3434,中部,,,,,,,,,未知
111,1064,美和科技大學,屏東縣,2 技職,5502,南部,,,,,,,,,未知
111,1065,吳鳳科技大學,嘉義縣,2 技職,4341,南部,私立,376.0,4341.0,0.087,,,134.0,32.4,私立
111,1066,環球科技大學,雲林縣,2 技職,2111,中部,,,,,,,,,未知
111,1067,臺灣首府大學,臺南市,1 一般,337,南部,,,,,,,,,未知
111,1068,中州科技大學,彰化縣,2 技職,907,中部,,,,,,,,,未知
111,1069,修平科技大學,臺中市,2 技職,4411,中部,,,,,,,,,未知
111,1070,長庚科技大學,桃園市,2 技職,6271,北部,,,,,,,,,未知
111,1071,臺北城市科技大學,臺北市,2 技職,8985,北部,,,,,,,,,未知
111,1072,敏實科技大學,新竹縣,2 技職,563,北部,,,,,,,,,未知
111,1073,醒吾科技大學,新北市,2 技職,6687,北部,,,,,,,,,未知
111,1075,文藻外語大學,高雄市,2 技職,7930,南部,,,,,,,,,未知
111,1076,華夏科技大學,新北市,2 技職,2817,北部,,,,,,,,,未知
111,1077,慈濟科技大學,花蓮縣,2 技職,3022,東部,,,,,,,,,未知
111,1078,致理科技大學,新北市,2 技職,11326,北部,,,,,,,,,未知
111,1079,康寧大學,臺北市,2 技職,2998,北部,,,,,,,,,未知
111,1080,宏國德霖科技大學,新北市,2 技職,4689,北部,,,,,,,,,未知
111,1081,東方設計大學,高雄市,2 技職,950,南部,,,,,,,,,未知
111,1082,崇右影藝科技大學,基隆市,2 技職,1364,北部,,,,,,,,,未知
111,1083,台北海洋科技大學,新北市,2 技職,4007,北部,,,,,,,,,未知
111,1084,亞東科技大學,新北市,2 技職,3921,北部,,,,,,,,,未知
111,1125,中信金融管理學院,臺南市,1 一般,925,南部,,,,,,,,,未知
111,1148,大漢技術學院,花蓮縣,2 技職,784,東部,私立,131.0,784.0,0.167,,,35.0,22.4,私立
111,1159,和春技術學院,高雄市,2 技職,69,南部,私立,0.0,69.0,0.0,,,20.0,3.4,私立
111,1168,南亞技術學院,桃園市,2 技職,2320,北部,,,,,,,,,未知
111,1183,黎明技術學院,新北市,2 技職,5061,北部,私立,424.0,5061.0,0.084,,,149.0,34.0,私立
111,1185,經國管理暨健康學院,基隆市,2 技職,3659,北部,,,,,,,,,未知
111,1188,大同技術學院,嘉義市,2 技職,472,南部,私立,54.0,472.0,0.114,,,26.0,18.2,私立
111,1195,馬偕醫學院,新北市,2 技職,54,北部,,,,,,,,,未知
111,1196,法鼓文理學院,新北市,1 一般,338,北部,,,,,,,,,未知
111,1282,馬偕醫護管理專科學校,臺北市,2 技職,4018,北部,,,,,,,,,未知
111,1283,仁德醫護管理專科學校,苗栗縣,2 技職,6156,中部,私立,202.0,6156.0,0.033,,,214.0,28.8,私立
111,1284,樹人醫護管理專科學校,高雄市,2 技職,7274,南部,私立,386.0,7274.0,0.053,,,224.0,32.5,私立
111,1285,慈惠醫護管理專科學校,屏東縣,2 技職,2748,南部,私立,463.0,2748.0,0.168,,,120.0,22.9,私立
111,1286,耕莘健康管理專科學校,新北市,2 技職,4214,北部,私立,164.0,4214.0,0.039,,,156.0,27.0,私立
111,1287,敏惠醫護管理專科學校,臺南市,2 技職,3797,南部,私立,128.0,3797.0,0.034,,,114.0,33.3,私立
111,1289,育英醫護管理專科學校,高雄市,2 技職,1891,南部,私立,108.0,1891.0,0.057,,,67.0,28.2,私立
111,1291,聖母醫護管理專科學校,宜蘭縣,2 技職,1636,東部,私立,134.0,1636.0,0.082,,,77.0,21.2,私立
111,1292,新生醫護管理專科學校,桃園市,2 技職,5990,北部,私立,284.0,5990.0,0.047,,,209.0,28.7,私立
111,1293,崇仁醫護管理專科學校,嘉義縣,2 技職,3051,南部,私立,83.0,3051.0,0.027,,,117.0,26.1,私立
111,3002,臺北市立大學,臺北市,1 一般,8031,北部,公立,786.0,8031.0,0.098,,,321.0,25.0,公立
112,1,國立政治大學,臺北市,1 一般,16818,北部,公立,2154.0,16818.0,0.128,,,729.0,23.1,公立
112,2,國立清華大學,新竹市,1 一般,18191,北部,公立,1482.0,18191.0,0.081,,,841.0,21.6,公立
112,3,國立臺灣大學,臺北市,1 一般,33882,北部,公立,3531.0,33882.0,0.104,,,2074.0,16.3,公立
112,4,國立臺灣師範大學,臺北市,3 師範,16496,北部,公立,2075.0,16496.0,0.126,,,829.0,19.9,公立
112,5,國立成功大學,臺南市,1 一般,23082,南部,公立,1668.0,23082.0,0.072,,,1321.0,17.5,公立
112,6,國立中興大學,臺中市,1 一般,15597,中部,公立,1440.0,15597.0,0.092,,,865.0,18.0,公立
112,7,國立陽明交通大學,新竹市,1 一般,21428,北部,公立,1755.0,21428.0,0.082,,,1139.0,18.8,公立
112,8,國立中央大學,桃園市,1 一般,12497,北部,公立,1008.0,12497.0,0.081,,,634.0,19.7,公立
112,9,國立中山大學,高雄市,1 一般,10346,南部,公立,909.0,10346.0,0.088,,,614.0,16.9,公立
112,12,國立臺灣海洋大學,基隆市,1 一般,9214,北部,公立,672.0,9214.0,0.073,,,433.0,21.3,公立
112,13,國立中正大學,嘉義縣,1 一般,11540,南部,公立,1039.0,11540.0,0.09,,,519.0,22.2,公立
112,14,國立高雄師範大學,高雄市,3 師範,7396,南部,公立,1162.0,7396.0,0.157,,,271.0,27.3,公立
112,15,國立彰化師範大學,彰化縣,3 師範,8611,中部,公立,1019.0,8611.0,0.118,,,364.0,23.7,公立
112,17,國立臺北大學,新北市,1 一般,10205,北部,公立,904.0,10205.0,0.089,,,398.0,25.6,公立
112,18,國立嘉義大學,嘉義市,1 一般,11582,南部,公立,1092.0,11582.0,0.094,,,486.0,23.8,公立
112,19,國立高雄大學,高雄市,2 技職,122,南部,公立,594.0,6145.0,0.097,,,231.0,0.5,公立
112,20,國立東華大學,花蓮縣,1 一般,10350,東部,公立,1167.0,10350.0,0.113,,,460.0,22.5,公立
112,21,國立暨南國際大學,南投縣,1 一般,6556,中部,公立,495.0,6556.0,0.076,,,262.0,25.0,公立
112,22,國立臺灣科技大學,臺北市,2 技職,11672,北部,公立,840.0,11672.0,0.072,,,553.0,21.1,公立
112,23,國立雲林科技大學,雲林縣,2 技職,10338,中部,公立,812.0,10338.0,0.079,,,420.0,24.6,公立
112,24,國立屏東科技大學,屏東縣,2 技職,10394,南部,公立,729.0,10394.0,0.07,,,445.0,23.4,公立
112,25,國立臺北科技大學,臺北市,2 技職,13659,北部,公立,703.0,13659.0,0.051,,,495.0,27.6,公立
112,28,國立臺北藝術大學,臺北市,1 一般,3213,北部,公立,575.0,3213.0,0.179,,,169.0,19.0,公立
112,29,國立臺灣藝術大學,新北市,2 技職,329,北部,公立,584.0,5592.0,0.104,,,160.0,2.1,公立
112,30,國立臺東大學,臺東縣,2 技職,116,東部,公立,502.0,5121.0,0.098,,,212.0,0.5,公立
112,31,國立宜蘭大學,宜蘭縣,1 一般,5592,東部,公立,400.0,5592.0,0.072,,,238.0,23.5,公立
112,32,國立聯合大學,苗栗縣,1 一般,7711,中部,公立,335.0,7711.0,0.043,,,284.0,27.2,公立
112,33,國立虎尾科技大學,雲林縣,2 技職,11693,中部,公立,590.0,11693.0,0.05,,,372.0,31.4,公立
112,35,國立臺南藝術大學,臺南市,1 一般,1638,南部,公立,318.0,1638.0,0.194,,,102.0,16.1,公立
112,36,國立臺南大學,臺南市,1 一般,5961,南部,公立,612.0,5961.0,0.103,,,221.0,27.0,公立
112,37,國立臺北教育大學,臺北市,3 師範,6095,北部,公立,800.0,6095.0,0.131,,,232.0,26.3,公立
112,39,國立臺中教育大學,臺中市,3 師範,5090,中部,公立,607.0,5090.0,0.119,,,203.0,25.1,公立
112,42,國立澎湖科技大學,澎湖縣,2 技職,2702,離島,公立,240.0,2702.0,0.089,,,137.0,19.7,公立
112,43,國立勤益科技大學,臺中市,2 技職,12603,中部,公立,976.0,12603.0,0.077,,,338.0,37.3,公立
112,44,國立體育大學,桃園市,1 一般,2759,北部,公立,305.0,2759.0,0.111,,,100.0,27.6,公立
112,46,國立臺北護理健康大學,臺北市,2 技職,5275,北部,公立,493.0,5275.0,0.093,,,212.0,24.9,公立
112,47,國立高雄餐旅大學,高雄市,2 技職,4303,南部,公立,216.0,4303.0,0.05,,,155.0,27.8,公立
112,48,國立金門大學,金門縣,1 一般,4050,離島,公立,223.0,4050.0,0.055,,,144.0,28.1,公立
112,49,國立臺灣體育運動大學,臺中市,1 一般,3149,中部,公立,261.0,3149.0,0.083,,,126.0,25.0,公立
112,50,國立臺中科技大學,臺中市,2 技職,15989,中部,公立,1260.0,15989.0,0.079,,,458.0,34.9,公立
112,51,國立臺北商業大學,臺北市,2 技職,6999,北部,公立,452.0,6999.0,0.065,,,236.0,29.7,公立
112,52,國立屏東大學,屏東縣,1 一般,8859,南部,公立,663.0,8859.0,0.075,,,341.0,26.0,公立
112,53,國立高雄科技大學,高雄市,2 技職,27783,南部,公立,2146.0,27783.0,0.077,,,862.0,32.2,公立
112,144,國立臺灣戲曲學院,臺北市,2 技職,501,北部,公立,17.0,501.0,0.034,,,36.0,13.9,公立
112,221,國立臺南護理專科學校,臺南市,2 技職,1983,南部,公立,70.0,1983.0,0.035,,,99.0,20.0,公立
112,222,國立臺東專科學校,臺東縣,2 技職,686,東部,公立,78.0,686.0,0.114,,,59.0,11.6,公立
112,1001,東海大學,臺中市,1 一般,15582,中部,私立,1299.0,15582.0,0.083,,,529.0,29.5,私立
112,1002,輔仁大學,新北市,2 技職,42,北部,私立,1943.0,25632.0,0.076,,,721.0,0.1,私立
112,1003,東吳大學,臺北市,1 一般,15209,北部,私立,1131.0,15209.0,0.074,,,417.0,36.5,私立
112,1004,中原大學,桃園市,1 一般,16696,北部,私立,995.0,16696.0,0.06,,,513.0,32.5,私立
112,1005,淡江大學,新北市,1 一般,22674,北部,,,,,,,,,未知
112,1006,中國文化大學,臺北市,2 技職,175,北部,私立,2457.0,19866.0,0.124,,,621.0,0.3,私立
112,1007,逢甲大學,臺中市,1 一般,21441,中部,私立,954.0,21441.0,0.044,,,650.0,33.0,私立
112,1008,靜宜大學,臺中市,1 一般,10987,中部,私立,676.0,10987.0,0.062,,,333.0,33.0,私立
112,1009,長庚大學,桃園市,1 一般,7103,北部,私立,509.0,7103.0,0.072,,,606.0,11.7,私立
112,1010,元智大學,桃園市,1 一般,8763,北部,私立,376.0,8763.0,0.043,,,298.0,29.4,私立
112,1011,中華大學,新竹市,2 技職,195,北部,,,,,,,,,未知
112,1012,大葉大學,彰化縣,2 技職,59,中部,私立,611.0,4561.0,0.134,,,258.0,0.2,私立
112,1013,華梵大學,新北市,1 一般,1023,北部,,,,,,,,,未知
112,1014,義守大學,高雄市,2 技職,143,南部,私立,383.0,11721.0,0.033,,,480.0,0.3,私立
112,1015,世新大學,臺北市,1 一般,10920,北部,私立,675.0,10920.0,0.062,,,300.0,36.4,私立
112,1016,銘傳大學,臺北市,1 一般,17498,北部,私立,998.0,17498.0,0.057,,,528.0,33.1,私立
112,1017,實踐大學,臺北市,2 技職,74,北部,私立,672.0,10754.0,0.062,,,304.0,0.2,私立
112,1018,朝陽科技大學,臺中市,2 技職,13233,中部,私立,649.0,13233.0,0.049,,,395.0,33.5,私立
112,1019,高雄醫學大學,高雄市,1 一般,6621,南部,私立,565.0,6621.0,0.085,,,526.0,12.6,私立
112,1020,南華大學,嘉義縣,1 一般,4894,南部,私立,622.0,4894.0,0.127,,,179.0,27.3,私立
112,1021,真理大學,新北市,1 一般,3281,北部,私立,221.0,3281.0,0.067,,,197.0,16.7,私立
112,1022,大同大學,臺北市,1 一般,3603,北部,私立,230.0,3603.0,0.064,,,125.0,28.8,私立
112,1023,南臺科技大學,臺南市,2 技職,14917,南部,,,,,,,,,未知
112,1024,崑山科技大學,臺南市,2 技職,8413,南部,私立,737.0,8413.0,0.088,,,262.0,32.1,私立
112,1025,嘉南藥理大學,臺南市,2 技職,9396,南部,,,,,,,,,未知
112,1026,樹德科技大學,高雄市,2 技職,8453,南部,私立,446.0,8453.0,0.053,,,263.0,32.1,私立
112,1027,慈濟大學,花蓮縣,1 一般,2835,東部,,,,,,,,,未知
112,1028,臺北醫學大學,臺北市,1 一般,6154,北部,私立,493.0,6154.0,0.08,,,707.0,8.7,私立
112,1029,中山醫學大學,臺中市,2 技職,116,中部,私立,490.0,7085.0,0.069,,,405.0,0.3,私立
112,1030,龍華科技大學,桃園市,2 技職,11122,北部,私立,505.0,11122.0,0.045,,,270.0,41.2,私立
112,1031,輔英科技大學,高雄市,2 技職,8462,南部,私立,561.0,8462.0,0.066,,,292.0,29.0,私立
112,1032,明新科技大學,新竹縣,2 技職,9894,北部,,,,,,,,,未知
112,1033,長榮大學,臺南市,1 一般,5654,南部,私立,325.0,5654.0,0.057,,,273.0,20.7,私立
112,1034,弘光科技大學,臺中市,2 技職,11595,中部,私立,1142.0,11595.0,0.098,,,324.0,35.8,私立
112,1035,中國醫藥大學,臺中市,1 一般,7349,中部,私立,520.0,7349.0,0.071,,,517.0,14.2,私立
112,1036,健行科技大學,桃園市,2 技職,9401,北部,,,,,,,,,未知
112,1037,正修科技大學,高雄市,2 技職,15487,南部,,,,,,,,,未知
112,1038,萬能科技大學,桃園市,2 技職,7734,北部,,,,,,,,,未知
112,1039,玄奘大學,新竹市,2 技職,28,北部,私立,243.0,1551.0,0.157,,,100.0,0.3,私立
112,1040,建國科技大學,彰化縣,2 技職,3854,中部,私立,181.0,3854.0,0.047,,,160.0,24.1,私立
112,1041,明志科技大學,新北市,2 技職,4327,北部,私立,141.0,4327.0,0.033,,,210.0,20.6,私立
112,1042,高苑科技大學,高雄市,2 技職,1235,南部,,,,,,,,,未知
112,1043,大仁科技大學,屏東縣,2 技職,3863,南部,私立,502.0,3863.0,0.13,,,150.0,25.8,私立
112,1044,聖約翰科技大學,新北市,2 技職,607,北部,私立,140.0,607.0,0.231,,,62.0,9.8,私立
112,1045,嶺東科技大學,臺中市,2 技職,8681,中部,私立,511.0,8681.0,0.059,,,237.0,36.6,私立
112,1046,中國科技大學,臺北市,2 技職,6211,北部,私立,486.0,6211.0,0.078,,,207.0,30.0,私立
112,1047,中臺科技大學,臺中市,2 技職,6340,中部,私立,948.0,6340.0,0.15,,,208.0,30.5,私立
112,1048,亞洲大學,臺中市,1 一般,10858,中部,私立,656.0,10858.0,0.06,,,363.0,29.9,私立
112,1049,開南大學,桃園市,1 一般,4194,北部,私立,407.0,4194.0,0.097,,,167.0,25.1,私立
112,1050,佛光大學,宜蘭縣,1 一般,2764,東部,私立,299.0,2764.0,0.108,,,144.0,19.2,私立
112,1051,台南應用科技大學,臺南市,2 技職,9660,南部,,,,,,,,,未知
112,1052,遠東科技大學,臺南市,2 技職,2131,南部,,,,,,,,,未知
112,1053,元培醫事科技大學,新竹市,2 技職,4005,北部,,,,,,,,,未知
112,1054,景文科技大學,新北市,2 技職,4599,北部,私立,243.0,4599.0,0.053,,,140.0,32.8,私立
112,1055,中華醫事科技大學,臺南市,2 技職,7346,南部,私立,786.0,7346.0,0.107,,,257.0,28.6,私立
112,1056,東南科技大學,新北市,2 技職,3647,北部,私立,534.0,3647.0,0.146,,,126.0,28.9,私立
112,1057,德明財經科技大學,臺北市,2 技職,5543,北部,私立,642.0,5543.0,0.116,,,196.0,28.3,私立
112,1058,明道大學,彰化縣,1 一般,696,中部,,,,,,,,,未知
112,1060,南開科技大學,南投縣,2 技職,2566,中部,私立,128.0,2566.0,0.05,,,95.0,27.0,私立
112,1061,中華科技大學,臺北市,2 技職,3205,北部,,,,,,,,,未知
112,1062,僑光科技大學,臺中市,2 技職,8314,中部,私立,298.0,8314.0,0.036,,,196.0,42.4,私立
112,1063,育達科技大學,苗栗縣,2 技職,3038,中部,,,,,,,,,未知
112,1064,美和科技大學,屏東縣,2 技職,4886,南部,,,,,,,,,未知
112,1065,吳鳳科技大學,嘉義縣,2 技職,3782,南部,私立,413.0,3782.0,0.109,,,121.0,31.3,私立
112,1066,環球科技大學,雲林縣,2 技職,1018,中部,,,,,,,,,未知
112,1069,修平科技大學,臺中市,2 技職,3832,中部,,,,,,,,,未知
112,1070,長庚科技大學,桃園市,2 技職,6113,北部,,,,,,,,,未知
112,1071,臺北城市科技大學,臺北市,2 技職,8264,北部,,,,,,,,,未知
112,1072,敏實科技大學,新竹縣,2 技職,702,北部,,,,,,,,,未知
112,1073,醒吾科技大學,新北市,2 技職,6100,北部,,,,,,,,,未知
112,1075,文藻外語大學,高雄市,2 技職,7262,南部,,,,,,,,,未知
112,1076,華夏科技大學,新北市,2 技職,1650,北部,,,,,,,,,未知
112,1077,慈濟科技大學,花蓮縣,2 技職,2836,東部,,,,,,,,,未知
112,1078,致理科技大學,新北市,2 技職,10951,北部,,,,,,,,,未知
112,1079,康寧大學,臺北市,2 技職,3082,北部,,,,,,,,,未知
112,1080,宏國德霖科技大學,新北市,2 技職,3990,北部,,,,,,,,,未知
112,1081,東方設計大學,高雄市,2 技職,345,南部,,,,,,,,,未知
112,1082,崇右影藝科技大學,基隆市,2 技職,1145,北部,,,,,,,,,未知
112,1083,台北海洋科技大學,新北市,2 技職,3775,北部,,,,,,,,,未知
112,1084,亞東科技大學,新北市,2 技職,3856,北部,,,,,,,,,未知
112,1125,中信金融管理學院,臺南市,1 一般,957,南部,,,,,,,,,未知
112,1148,大漢技術學院,花蓮縣,2 技職,601,東部,私立,126.0,601.0,0.21,,,30.0,20.0,私立
112,1168,南亞技術學院,桃園市,2 技職,1999,北部,,,,,,,,,未知
112,1183,黎明技術學院,新北市,2 技職,4742,北部,私立,469.0,4742.0,0.099,,,141.0,33.6,私立
112,1185,德育護理健康學院,基隆市,2 技職,3454,北部,,,,,,,,,未知
112,1188,大同技術學院,嘉義市,2 技職,145,南部,私立,0.0,145.0,0.0,,,24.0,6.0,私立
112,1195,馬偕醫學院,新北市,2 技職,48,北部,,,,,,,,,未知
112,1196,法鼓文理學院,新北市,1 一般,363,北部,,,,,,,,,未知
112,1282,馬偕醫護管理專科學校,臺北市,2 技職,4080,北部,,,,,,,,,未知
112,1283,仁德醫護管理專科學校,苗栗縣,2 技職,5842,中部,私立,180.0,5842.0,0.031,,,217.0,26.9,私立
112,1284,樹人醫護管理專科學校,高雄市,2 技職,7241,南部,私立,401.0,7241.0,0.055,,,223.0,32.5,私立
112,1285,慈惠醫護管理專科學校,屏東縣,2 技職,2155,南部,私立,464.0,2155.0,0.215,,,105.0,20.5,私立
112,1286,耕莘健康管理專科學校,新北市,2 技職,4044,北部,私立,144.0,4044.0,0.036,,,151.0,26.8,私立
112,1287,敏惠醫護管理專科學校,臺南市,2 技職,3573,南部,私立,149.0,3573.0,0.042,,,111.0,32.2,私立
112,1289,育英醫護管理專科學校,高雄市,2 技職,1833,南部,私立,121.0,1833.0,0.066,,,67.0,27.4,私立
112,1291,聖母醫護管理專科學校,宜蘭縣,2 技職,1520,東部,私立,97.0,1520.0,0.064,,,75.0,20.3,私立
112,1292,新生醫護管理專科學校,桃園市,2 技職,6057,北部,私立,382.0,6057.0,0.063,,,226.0,26.8,私立
112,1293,崇仁醫護管理專科學校,嘉義縣,2 技職,3017,南部,私立,65.0,3017.0,0.022,,,118.0,25.6,私立
112,3002,臺北市立大學,臺北市,1 一般,8061,北部,公立,834.0,8061.0,0.103,,,322.0,25.0,公立
113,1,國立政治大學,臺北市,1 一般,16899,北部,公立,2075.0,16899.0,0.123,,,722.0,23.4,公立
113,2,國立清華大學,新竹市,1 一般,18269,北部,公立,1188.0,18269.0,0.065,,,864.0,21.1,公立
113,3,國立臺灣大學,臺北市,1 一般,34487,北部,公立,3427.0,34487.0,0.099,,,2085.0,16.5,公立
113,4,國立臺灣師範大學,臺北市,3 師範,16624,北部,公立,1913.0,16624.0,0.115,,,822.0,20.2,公立
113,5,國立成功大學,臺南市,1 一般,23381,南部,公立,1692.0,23381.0,0.072,,,1301.0,18.0,公立
113,6,國立中興大學,臺中市,1 一般,15845,中部,公立,1384.0,15845.0,0.087,,,879.0,18.0,公立
113,7,國立陽明交通大學,新竹市,1 一般,22117,北部,公立,1653.0,22117.0,0.075,,,1150.0,19.2,公立
113,8,國立中央大學,桃園市,1 一般,12563,北部,公立,993.0,12563.0,0.079,,,631.0,19.9,公立
113,9,國立中山大學,高雄市,1 一般,10948,南部,公立,912.0,10948.0,0.083,,,632.0,17.3,公立
113,12,國立臺灣海洋大學,基隆市,1 一般,9102,北部,公立,645.0,9102.0,0.071,,,433.0,21.0,公立
113,13,國立中正大學,嘉義縣,1 一般,11553,南部,公立,931.0,11553.0,0.081,,,532.0,21.7,公立
113,14,國立高雄師範大學,高雄市,3 師範,7262,南部,公立,1193.0,7262.0,0.164,,,273.0,26.6,公立
113,15,國立彰化師範大學,彰化縣,3 師範,8624,中部,公立,924.0,8624.0,0.107,,,361.0,23.9,公立
113,17,國立臺北大學,新北市,1 一般,10142,北部,公立,949.0,10142.0,0.094,,,401.0,25.3,公立
113,18,國立嘉義大學,嘉義市,1 一般,11349,南部,公立,967.0,11349.0,0.085,,,486.0,23.4,公立
113,19,國立高雄大學,高雄市,2 技職,128,南部,公立,572.0,6192.0,0.092,,,232.0,0.6,公立
113,20,國立東華大學,花蓮縣,1 一般,10266,東部,公立,1218.0,10266.0,0.119,,,463.0,22.2,公立
113,21,國立暨南國際大學,南投縣,1 一般,6635,中部,公立,484.0,6635.0,0.073,,,267.0,24.9,公立
113,22,國立臺灣科技大學,臺北市,2 技職,11849,北部,公立,778.0,11849.0,0.066,,,572.0,20.7,公立
113,23,國立雲林科技大學,雲林縣,2 技職,10470,中部,公立,782.0,10470.0,0.075,,,406.0,25.8,公立
113,24,國立屏東科技大學,屏東縣,2 技職,10003,南部,公立,783.0,10003.0,0.078,,,447.0,22.4,公立
113,25,國立臺北科技大學,臺北市,2 技職,13493,北部,公立,722.0,13493.0,0.054,,,494.0,27.3,公立
113,28,國立臺北藝術大學,臺北市,1 一般,3213,北部,公立,537.0,3213.0,0.167,,,172.0,18.7,公立
113,29,國立臺灣藝術大學,新北市,2 技職,312,北部,公立,603.0,5539.0,0.109,,,166.0,1.9,公立
113,30,國立臺東大學,臺東縣,2 技職,120,東部,公立,523.0,5048.0,0.104,,,208.0,0.6,公立
113,31,國立宜蘭大學,宜蘭縣,1 一般,5447,東部,公立,419.0,5447.0,0.077,,,234.0,23.3,公立
113,32,國立聯合大學,苗栗縣,1 一般,7594,中部,公立,334.0,7594.0,0.044,,,278.0,27.3,公立
113,33,國立虎尾科技大學,雲林縣,2 技職,11975,中部,公立,584.0,11975.0,0.049,,,364.0,32.9,公立
113,35,國立臺南藝術大學,臺南市,1 一般,1596,南部,公立,297.0,1596.0,0.186,,,102.0,15.6,公立
113,36,國立臺南大學,臺南市,1 一般,5966,南部,公立,594.0,5966.0,0.1,,,210.0,28.4,公立
113,37,國立臺北教育大學,臺北市,3 師範,6039,北部,公立,816.0,6039.0,0.135,,,234.0,25.8,公立
113,39,國立臺中教育大學,臺中市,3 師範,5130,中部,公立,582.0,5130.0,0.113,,,201.0,25.5,公立
113,42,國立澎湖科技大學,澎湖縣,2 技職,2388,離島,公立,415.0,2388.0,0.174,,,134.0,17.8,公立
113,43,國立勤益科技大學,臺中市,2 技職,12510,中部,公立,906.0,12510.0,0.072,,,348.0,35.9,公立
113,44,國立體育大學,桃園市,1 一般,2782,北部,公立,290.0,2782.0,0.104,,,96.0,29.0,公立
113,46,國立臺北護理健康大學,臺北市,2 技職,5201,北部,公立,472.0,5201.0,0.091,,,230.0,22.6,公立
113,47,國立高雄餐旅大學,高雄市,2 技職,4101,南部,公立,216.0,4101.0,0.053,,,159.0,25.8,公立
113,48,國立金門大學,金門縣,1 一般,3823,離島,公立,201.0,3823.0,0.053,,,148.0,25.8,公立
113,49,國立臺灣體育運動大學,臺中市,1 一般,3090,中部,公立,241.0,3090.0,0.078,,,125.0,24.7,公立
113,50,國立臺中科技大學,臺中市,2 技職,15762,中部,公立,1241.0,15762.0,0.079,,,445.0,35.4,公立
113,51,國立臺北商業大學,臺北市,2 技職,6948,北部,公立,436.0,6948.0,0.063,,,237.0,29.3,公立
113,52,國立屏東大學,屏東縣,1 一般,8740,南部,公立,576.0,8740.0,0.066,,,340.0,25.7,公立
113,53,國立高雄科技大學,高雄市,2 技職,27394,南部,公立,2093.0,27394.0,0.076,,,864.0,31.7,公立
113,144,國立臺灣戲曲學院,臺北市,2 技職,449,北部,公立,23.0,449.0,0.051,,,39.0,11.5,公立
113,221,國立臺南護理專科學校,臺南市,2 技職,1992,南部,公立,70.0,1992.0,0.035,,,101.0,19.7,公立
113,222,國立臺東專科學校,臺東縣,2 技職,597,東部,公立,43.0,597.0,0.072,,,57.0,10.5,公立
113,1001,東海大學,臺中市,1 一般,15586,中部,私立,1342.0,15586.0,0.086,,,526.0,29.6,私立
113,1002,輔仁大學,新北市,2 技職,54,北部,私立,1903.0,25681.0,0.074,,,716.0,0.1,私立
113,1003,東吳大學,臺北市,1 一般,14958,北部,私立,1120.0,14958.0,0.075,,,407.0,36.8,私立
113,1004,中原大學,桃園市,1 一般,16510,北部,私立,984.0,16510.0,0.06,,,518.0,31.9,私立
113,1005,淡江大學,新北市,1 一般,22276,北部,,,,,,,,,未知
113,1006,中國文化大學,臺北市,2 技職,195,北部,私立,1611.0,17904.0,0.09,,,572.0,0.3,私立
113,1007,逢甲大學,臺中市,1 一般,21462,中部,私立,1007.0,21462.0,0.047,,,647.0,33.2,私立
113,1008,靜宜大學,臺中市,2 技職,41,中部,私立,568.0,10630.0,0.053,,,316.0,0.1,私立
113,1009,長庚大學,桃園市,1 一般,7241,北部,私立,482.0,7241.0,0.067,,,611.0,11.9,私立
113,1010,元智大學,桃園市,1 一般,9114,北部,私立,349.0,9114.0,0.038,,,290.0,31.4,私立
113,1011,中華大學,新竹市,2 技職,323,北部,,,,,,,,,未知
113,1012,大葉大學,彰化縣,2 技職,32,中部,私立,535.0,3666.0,0.146,,,234.0,0.1,私立
113,1013,華梵大學,新北市,1 一般,1063,北部,,,,,,,,,未知
113,1014,義守大學,高雄市,2 技職,127,南部,私立,360.0,10932.0,0.033,,,441.0,0.3,私立
113,1015,世新大學,臺北市,1 一般,11028,北部,私立,671.0,11028.0,0.061,,,306.0,36.0,私立
113,1016,銘傳大學,臺北市,1 一般,17287,北部,私立,898.0,17287.0,0.052,,,528.0,32.7,私立
113,1017,實踐大學,臺北市,2 技職,80,北部,私立,675.0,10305.0,0.066,,,291.0,0.3,私立
113,1018,朝陽科技大學,臺中市,2 技職,13152,中部,私立,698.0,13152.0,0.053,,,391.0,33.6,私立
113,1019,高雄醫學大學,高雄市,1 一般,6667,南部,私立,553.0,6667.0,0.083,,,512.0,13.0,私立
113,1020,南華大學,嘉義縣,1 一般,4690,南部,私立,564.0,4690.0,0.12,,,177.0,26.5,私立
113,1021,真理大學,新北市,1 一般,2322,北部,私立,167.0,2322.0,0.072,,,170.0,13.7,私立
113,1022,大同大學,臺北市,1 一般,3490,北部,私立,259.0,3490.0,0.074,,,115.0,30.3,私立
113,1023,南臺科技大學,臺南市,2 技職,14507,南部,,,,,,,,,未知
113,1024,崑山科技大學,臺南市,2 技職,8173,南部,私立,617.0,8173.0,0.075,,,250.0,32.7,私立
113,1025,嘉南藥理大學,臺南市,2 技職,8910,南部,,,,,,,,,未知
113,1026,樹德科技大學,高雄市,2 技職,8226,南部,私立,399.0,8226.0,0.049,,,251.0,32.8,私立
113,1027,慈濟大學,花蓮縣,2 技職,1372,東部,,,,,,,,,未知
113,1028,臺北醫學大學,臺北市,1 一般,6204,北部,私立,529.0,6204.0,0.085,,,719.0,8.6,私立
113,1029,中山醫學大學,臺中市,2 技職,106,中部,私立,482.0,7157.0,0.067,,,410.0,0.3,私立
113,1030,龍華科技大學,桃園市,2 技職,11340,北部,私立,464.0,11340.0,0.041,,,262.0,43.3,私立
113,1031,輔英科技大學,高雄市,2 技職,8280,南部,私立,583.0,8280.0,0.07,,,277.0,29.9,私立
113,1032,明新科技大學,新竹縣,2 技職,9909,北部,,,,,,,,,未知
113,1033,長榮大學,臺南市,1 一般,4769,南部,私立,286.0,4769.0,0.06,,,264.0,18.1,私立
113,1034,弘光科技大學,臺中市,2 技職,11320,中部,私立,979.0,11320.0,0.086,,,314.0,36.1,私立
113,1035,中國醫藥大學,臺中市,1 一般,7492,中部,私立,463.0,7492.0,0.062,,,507.0,14.8,私立
113,1036,健行科技大學,桃園市,2 技職,8777,北部,,,,,,,,,未知
113,1037,正修科技大學,高雄市,2 技職,14957,南部,,,,,,,,,未知
113,1038,萬能科技大學,桃園市,2 技職,7881,北部,,,,,,,,,未知
113,1039,玄奘大學,新竹市,2 技職,71,北部,私立,234.0,1387.0,0.169,,,100.0,0.7,私立
113,1040,建國科技大學,彰化縣,2 技職,3497,中部,私立,101.0,3497.0,0.029,,,140.0,25.0,私立
113,1041,明志科技大學,新北市,2 技職,4383,北部,私立,177.0,4383.0,0.04,,,207.0,21.2,私立
113,1042,台鋼科技大學,高雄市,2 技職,1240,南部,,,,,,,,,未知
113,1043,大仁科技大學,屏東縣,2 技職,3809,南部,私立,460.0,3809.0,0.121,,,140.0,27.2,私立
113,1044,聖約翰科技大學,新北市,2 技職,467,北部,私立,86.0,467.0,0.184,,,58.0,8.1,私立
113,1045,嶺東科技大學,臺中市,2 技職,8355,中部,私立,505.0,8355.0,0.06,,,225.0,37.1,私立
113,1046,中國科技大學,臺北市,2 技職,5561,北部,私立,439.0,5561.0,0.079,,,200.0,27.8,私立
113,1047,中臺科技大學,臺中市,2 技職,6102,中部,私立,906.0,6102.0,0.148,,,206.0,29.6,私立
113,1048,亞洲大學,臺中市,1 一般,10776,中部,私立,592.0,10776.0,0.055,,,382.0,28.2,私立
113,1049,開南大學,桃園市,1 一般,4703,北部,私立,378.0,4703.0,0.08,,,156.0,30.1,私立
113,1050,佛光大學,宜蘭縣,1 一般,2525,東部,私立,254.0,2525.0,0.101,,,137.0,18.4,私立
113,1051,台南應用科技大學,臺南市,2 技職,9088,南部,,,,,,,,,未知
113,1052,中信科技大學,臺南市,2 技職,1774,南部,,,,,,,,,未知
113,1053,元培醫事科技大學,新竹市,2 技職,3571,北部,,,,,,,,,未知
113,1054,景文科技大學,新北市,2 技職,4354,北部,私立,204.0,4354.0,0.047,,,128.0,34.0,私立
113,1055,中華醫事科技大學,臺南市,2 技職,6968,南部,私立,725.0,6968.0,0.104,,,242.0,28.8,私立
113,1056,東南科技大學,新北市,2 技職,3556,北部,私立,397.0,3556.0,0.112,,,103.0,34.5,私立
113,1057,德明財經科技大學,臺北市,2 技職,5086,北部,私立,541.0,5086.0,0.106,,,178.0,28.6,私立
113,1060,南開科技大學,南投縣,2 技職,2438,中部,私立,101.0,2438.0,0.041,,,84.0,29.0,私立
113,1061,中華科技大學,臺北市,2 技職,2866,北部,,,,,,,,,未知
113,1062,僑光科技大學,臺中市,2 技職,7995,中部,私立,273.0,7995.0,0.034,,,188.0,42.5,私立
113,1063,育達科技大學,苗栗縣,2 技職,3386,中部,,,,,,,,,未知
113,1064,美和科技大學,屏東縣,2 技職,4460,南部,,,,,,,,,未知
113,1065,吳鳳科技大學,嘉義縣,2 技職,3933,南部,私立,358.0,3933.0,0.091,,,108.0,36.4,私立
113,1069,修平科技大學,臺中市,2 技職,3358,中部,,,,,,,,,未知
113,1070,長庚科技大學,桃園市,2 技職,5988,北部,,,,,,,,,未知
113,1071,臺北城市科技大學,臺北市,2 技職,8778,北部,,,,,,,,,未知
113,1072,敏實科技大學,新竹縣,2 技職,1071,北部,,,,,,,,,未知
113,1073,醒吾科技大學,新北市,2 技職,5634,北部,,,,,,,,,未知
113,1075,文藻外語大學,高雄市,2 技職,6849,南部,,,,,,,,,未知
113,1076,華夏科技大學,新北市,2 技職,822,北部,,,,,,,,,未知
113,1078,致理科技大學,新北市,2 技職,10857,北部,,,,,,,,,未知
113,1079,康寧大學,臺北市,2 技職,3100,北部,,,,,,,,,未知
113,1080,宏國德霖科技大學,新北市,2 技職,4292,北部,,,,,,,,,未知
113,1082,崇右影藝科技大學,基隆市,2 技職,1114,北部,,,,,,,,,未知
113,1083,台北海洋科技大學,新北市,2 技職,3621,北部,,,,,,,,,未知
113,1084,亞東科技大學,新北市,2 技職,3950,北部,,,,,,,,,未知
113,1125,中信金融管理學院,臺南市,1 一般,917,南部,,,,,,,,,未知
113,1148,大漢技術學院,花蓮縣,2 技職,310,東部,私立,0.0,310.0,0.0,,,24.0,12.9,私立
113,1168,南亞技術學院,桃園市,2 技職,1824,北部,,,,,,,,,未知
113,1183,黎明技術學院,新北市,2 技職,4924,北部,私立,355.0,4924.0,0.072,,,135.0,36.5,私立
113,1185,德育護理健康學院,基隆市,2 技職,3167,北部,,,,,,,,,未知
113,1195,馬偕醫學院,新北市,2 技職,57,北部,,,,,,,,,未知
113,1196,法鼓文理學院,新北市,1 一般,390,北部,,,,,,,,,未知
113,1282,馬偕醫護管理專科學校,臺北市,2 技職,4046,北部,,,,,,,,,未知
113,1283,仁德醫護管理專科學校,苗栗縣,2 技職,5458,中部,私立,168.0,5458.0,0.031,,,210.0,26.0,私立
113,1284,樹人醫護管理專科學校,高雄市,2 技職,7213,南部,私立,399.0,7213.0,0.055,,,217.0,33.2,私立
113,1285,慈惠醫護管理專科學校,屏東縣,2 技職,1798,南部,私立,416.0,1798.0,0.231,,,89.0,20.2,私立
113,1286,耕莘健康管理專科學校,新北市,2 技職,3931,北部,私立,97.0,3931.0,0.025,,,140.0,28.1,私立
113,1287,敏惠醫護管理專科學校,臺南市,2 技職,3306,南部,私立,119.0,3306.0,0.036,,,100.0,33.1,私立
113,1289,育英醫護管理專科學校,高雄市,2 技職,1704,南部,私立,129.0,1704.0,0.076,,,64.0,26.6,私立
113,1291,聖母醫護管理專科學校,宜蘭縣,2 技職,1416,東部,私立,93.0,1416.0,0.066,,,75.0,18.9,私立
113,1292,新生醫護管理專科學校,桃園市,2 技職,5961,北部,私立,348.0,5961.0,0.058,,,223.0,26.7,私立
113,1293,崇仁醫護管理專科學校,嘉義縣,2 技職,2957,南部,私立,87.0,2957.0,0.029,,,110.0,26.9,私立
113,3002,臺北市立大學,臺北市,1 一般,8099,北部,公立,753.0,8099.0,0.093,,,322.0,25.2,公立
114,1,國立政治大學,臺北市,1 一般,16784,北部,公立,,,,,,720.0,23.3,公立
114,2,國立清華大學,新竹市,1 一般,18393,北部,公立,,,,,,876.0,21.0,公立
114,3,國立臺灣大學,臺北市,1 一般,34941,北部,公立,,,,,,2088.0,16.7,公立
114,4,國立臺灣師範大學,臺北市,3 師範,16808,北部,公立,,,,,,823.0,20.4,公立
114,5,國立成功大學,臺南市,1 一般,23485,南部,公立,,,,,,1293.0,18.2,公立
114,6,國立中興大學,臺中市,1 一般,15899,中部,公立,,,,,,873.0,18.2,公立
114,7,國立陽明交通大學,新竹市,1 一般,22521,北部,公立,,,,,,1173.0,19.2,公立
114,8,國立中央大學,桃園市,1 一般,12586,北部,公立,,,,,,631.0,19.9,公立
114,9,國立中山大學,高雄市,1 一般,11204,南部,公立,,,,,,618.0,18.1,公立
114,12,國立臺灣海洋大學,基隆市,1 一般,9069,北部,公立,,,,,,424.0,21.4,公立
114,13,國立中正大學,嘉義縣,1 一般,11397,南部,公立,,,,,,534.0,21.3,公立
114,14,國立高雄師範大學,高雄市,3 師範,7310,南部,公立,,,,,,266.0,27.5,公立
114,15,國立彰化師範大學,彰化縣,3 師範,8735,中部,公立,,,,,,356.0,24.5,公立
114,17,國立臺北大學,新北市,1 一般,10039,北部,公立,,,,,,398.0,25.2,公立
114,18,國立嘉義大學,嘉義市,1 一般,11103,南部,公立,,,,,,473.0,23.5,公立
114,19,國立高雄大學,高雄市,2 技職,135,南部,公立,,,,,,227.0,0.6,公立
114,20,國立東華大學,花蓮縣,1 一般,10035,東部,公立,,,,,,458.0,21.9,公立
114,21,國立暨南國際大學,南投縣,1 一般,6512,中部,公立,,,,,,268.0,24.3,公立
114,22,國立臺灣科技大學,臺北市,2 技職,12180,北部,公立,,,,,,589.0,20.7,公立
114,23,國立雲林科技大學,雲林縣,2 技職,10450,中部,公立,,,,,,410.0,25.5,公立
114,24,國立屏東科技大學,屏東縣,2 技職,9707,南部,公立,,,,,,441.0,22.0,公立
114,25,國立臺北科技大學,臺北市,2 技職,13271,北部,公立,,,,,,488.0,27.2,公立
114,28,國立臺北藝術大學,臺北市,1 一般,3180,北部,公立,,,,,,169.0,18.8,公立
114,29,國立臺灣藝術大學,新北市,2 技職,295,北部,公立,,,,,,171.0,1.7,公立
114,30,國立臺東大學,臺東縣,2 技職,154,東部,公立,,,,,,207.0,0.7,公立
114,31,國立宜蘭大學,宜蘭縣,1 一般,5318,東部,公立,,,,,,231.0,23.0,公立
114,32,國立聯合大學,苗栗縣,1 一般,7418,中部,公立,,,,,,273.0,27.2,公立
114,33,國立虎尾科技大學,雲林縣,2 技職,12003,中部,公立,,,,,,366.0,32.8,公立
114,35,國立臺南藝術大學,臺南市,1 一般,1638,南部,公立,,,,,,95.0,17.2,公立
114,36,國立臺南大學,臺南市,1 一般,5976,南部,公立,,,,,,199.0,30.0,公立
114,37,國立臺北教育大學,臺北市,3 師範,6037,北部,公立,,,,,,230.0,26.2,公立
114,39,國立臺中教育大學,臺中市,3 師範,5178,中部,公立,,,,,,205.0,25.3,公立
114,42,國立澎湖科技大學,澎湖縣,2 技職,2202,離島,公立,,,,,,130.0,16.9,公立
114,43,國立勤益科技大學,臺中市,2 技職,12667,中部,公立,,,,,,330.0,38.4,公立
114,44,國立體育大學,桃園市,1 一般,2760,北部,公立,,,,,,103.0,26.8,公立
114,46,國立臺北護理健康大學,臺北市,2 技職,5238,北部,公立,,,,,,222.0,23.6,公立
114,47,國立高雄餐旅大學,高雄市,2 技職,3972,南部,公立,,,,,,151.0,26.3,公立
114,48,國立金門大學,金門縣,1 一般,3660,離島,公立,,,,,,146.0,25.1,公立
114,49,國立臺灣體育運動大學,臺中市,1 一般,3048,中部,公立,,,,,,123.0,24.8,公立
114,50,國立臺中科技大學,臺中市,2 技職,15657,中部,公立,,,,,,440.0,35.6,公立
114,51,國立臺北商業大學,臺北市,2 技職,6846,北部,公立,,,,,,231.0,29.6,公立
114,52,國立屏東大學,屏東縣,1 一般,8697,南部,公立,,,,,,331.0,26.3,公立
114,53,國立高雄科技大學,高雄市,2 技職,26932,南部,公立,,,,,,858.0,31.4,公立
114,144,國立臺灣戲曲學院,臺北市,2 技職,410,北部,公立,,,,,,39.0,10.5,公立
114,221,國立臺南護理專科學校,臺南市,2 技職,1992,南部,公立,,,,,,104.0,19.2,公立
114,222,國立臺東專科學校,臺東縣,2 技職,471,東部,公立,,,,,,56.0,8.4,公立
114,1001,東海大學,臺中市,1 一般,15638,中部,私立,,,,,,523.0,29.9,私立
114,1002,輔仁大學,新北市,2 技職,59,北部,私立,,,,,,713.0,0.1,私立
114,1003,東吳大學,臺北市,1 一般,14715,北部,私立,,,,,,426.0,34.5,私立
114,1004,中原大學,桃園市,1 一般,16404,北部,私立,,,,,,524.0,31.3,私立
114,1005,淡江大學,新北市,1 一般,21882,北部,,,,,,,,,未知
114,1006,中國文化大學,臺北市,2 技職,188,北部,私立,,,,,,532.0,0.4,私立
114,1007,逢甲大學,臺中市,1 一般,21420,中部,私立,,,,,,652.0,32.9,私立
114,1008,靜宜大學,臺中市,2 技職,83,中部,私立,,,,,,309.0,0.3,私立
114,1009,長庚大學,桃園市,1 一般,7290,北部,私立,,,,,,625.0,11.7,私立
114,1010,元智大學,桃園市,1 一般,9333,北部,私立,,,,,,308.0,30.3,私立
114,1011,中華大學,新竹市,2 技職,225,北部,,,,,,,,,未知
114,1012,大葉大學,彰化縣,2 技職,31,中部,私立,,,,,,231.0,0.1,私立
114,1013,華梵大學,新北市,1 一般,1068,北部,,,,,,,,,未知
114,1014,義守大學,高雄市,2 技職,107,南部,私立,,,,,,410.0,0.3,私立
114,1015,世新大學,臺北市,1 一般,10806,北部,私立,,,,,,307.0,35.2,私立
114,1016,銘傳大學,臺北市,1 一般,17238,北部,私立,,,,,,522.0,33.0,私立
114,1017,實踐大學,臺北市,2 技職,85,北部,私立,,,,,,276.0,0.3,私立
114,1018,朝陽科技大學,臺中市,2 技職,13083,中部,私立,,,,,,390.0,33.5,私立
114,1019,高雄醫學大學,高雄市,1 一般,6538,南部,私立,,,,,,527.0,12.4,私立
114,1020,南華大學,嘉義縣,1 一般,4474,南部,私立,,,,,,184.0,24.3,私立
114,1021,真理大學,新北市,1 一般,1793,北部,私立,,,,,,155.0,11.6,私立
114,1022,大同大學,臺北市,1 一般,3310,北部,私立,,,,,,111.0,29.8,私立
114,1023,南臺科技大學,臺南市,2 技職,14465,南部,,,,,,,,,未知
114,1024,崑山科技大學,臺南市,2 技職,7916,南部,私立,,,,,,236.0,33.5,私立
114,1025,嘉南藥理大學,臺南市,2 技職,8437,南部,,,,,,,,,未知
114,1026,樹德科技大學,高雄市,2 技職,7492,南部,私立,,,,,,235.0,31.9,私立
114,1027,慈濟大學,花蓮縣,2 技職,1242,東部,,,,,,,,,未知
114,1028,臺北醫學大學,臺北市,1 一般,6289,北部,私立,,,,,,735.0,8.6,私立
114,1029,中山醫學大學,臺中市,2 技職,109,中部,私立,,,,,,400.0,0.3,私立
114,1030,龍華科技大學,桃園市,2 技職,11201,北部,私立,,,,,,255.0,43.9,私立
114,1031,輔英科技大學,高雄市,2 技職,7843,南部,私立,,,,,,257.0,30.5,私立
114,1032,明新科技大學,新竹縣,2 技職,9707,北部,,,,,,,,,未知
114,1033,長榮大學,臺南市,1 一般,4078,南部,私立,,,,,,234.0,17.4,私立
114,1034,弘光科技大學,臺中市,2 技職,11552,中部,私立,,,,,,312.0,37.0,私立
114,1035,中國醫藥大學,臺中市,1 一般,7514,中部,私立,,,,,,506.0,14.8,私立
114,1036,健行科技大學,桃園市,2 技職,8183,北部,,,,,,,,,未知
114,1037,正修科技大學,高雄市,2 技職,14623,南部,,,,,,,,,未知
114,1038,萬能科技大學,桃園市,2 技職,7958,北部,,,,,,,,,未知
114,1039,玄奘大學,新竹市,2 技職,100,北部,私立,,,,,,93.0,1.1,私立
114,1040,建國科技大學,彰化縣,2 技職,3453,中部,私立,,,,,,134.0,25.8,私立
114,1041,明志科技大學,新北市,2 技職,4479,北部,私立,,,,,,212.0,21.1,私立
114,1042,台鋼科技大學,高雄市,2 技職,1342,南部,,,,,,,,,未知
114,1043,大仁科技大學,屏東縣,2 技職,3780,南部,私立,,,,,,131.0,28.9,私立
114,1044,聖約翰科技大學,新北市,2 技職,638,北部,私立,,,,,,56.0,11.4,私立
114,1045,嶺東科技大學,臺中市,2 技職,8096,中部,私立,,,,,,214.0,37.8,私立
114,1046,中國科技大學,臺北市,2 技職,5209,北部,私立,,,,,,183.0,28.5,私立
114,1047,中臺科技大學,臺中市,2 技職,6019,中部,私立,,,,,,195.0,30.9,私立
114,1048,亞洲大學,臺中市,2 技職,32,中部,私立,,,,,,378.0,0.1,私立
114,1049,開南大學,桃園市,1 一般,4465,北部,私立,,,,,,150.0,29.8,私立
114,1050,佛光大學,宜蘭縣,2 技職,3,東部,私立,,,,,,135.0,0.0,私立
114,1051,台南應用科技大學,臺南市,2 技職,8648,南部,,,,,,,,,未知
114,1052,中信科技大學,臺南市,2 技職,1769,南部,,,,,,,,,未知
114,1053,元培醫事科技大學,新竹市,2 技職,3404,北部,,,,,,,,,未知
114,1054,景文科技大學,新北市,2 技職,4075,北部,私立,,,,,,117.0,34.8,私立
114,1055,中華醫事科技大學,臺南市,2 技職,6614,南部,私立,,,,,,223.0,29.7,私立
114,1056,東南科技大學,新北市,2 技職,3762,北部,私立,,,,,,104.0,36.2,私立
114,1057,德明財經科技大學,臺北市,2 技職,4504,北部,私立,,,,,,162.0,27.8,私立
114,1060,南開科技大學,南投縣,2 技職,2435,中部,私立,,,,,,77.0,31.6,私立
114,1061,中華科技大學,臺北市,2 技職,2606,北部,,,,,,,,,未知
114,1062,僑光科技大學,臺中市,2 技職,7332,中部,私立,,,,,,178.0,41.2,私立
114,1063,育達科技大學,苗栗縣,2 技職,3505,中部,,,,,,,,,未知
114,1064,美和科技大學,屏東縣,2 技職,4148,南部,,,,,,,,,未知
114,1065,吳鳳科技大學,嘉義縣,2 技職,3801,南部,私立,,,,,,105.0,36.2,私立
114,1069,修平科技大學,臺中市,2 技職,3110,中部,,,,,,,,,未知
114,1070,長庚科技大學,桃園市,2 技職,5929,北部,,,,,,,,,未知
114,1071,臺北城市科技大學,臺北市,2 技職,8374,北部,,,,,,,,,未知
114,1072,敏實科技大學,新竹縣,2 技職,1633,北部,,,,,,,,,未知
114,1073,醒吾科技大學,新北市,2 技職,5468,北部,,,,,,,,,未知
114,1075,文藻外語大學,高雄市,2 技職,6550,南部,,,,,,,,,未知
114,1076,華夏科技大學,新北市,2 技職,368,北部,,,,,,,,,未知
114,1078,致理科技大學,新北市,2 技職,10866,北部,,,,,,,,,未知
114,1079,康寧大學,臺北市,2 技職,3031,北部,,,,,,,,,未知
114,1080,宏國德霖科技大學,新北市,2 技職,4180,北部,,,,,,,,,未知
114,1082,崇右影藝科技大學,基隆市,2 技職,1054,北部,,,,,,,,,未知
114,1083,台北海洋科技大學,新北市,2 技職,3530,北部,,,,,,,,,未知
114,1084,亞東科技大學,新北市,2 技職,4201,北部,,,,,,,,,未知
114,1085,馬偕醫學大學,新北市,2 技職,57,北部,,,,,,,,,未知
114,1125,中信金融管理學院,臺南市,1 一般,943,南部,,,,,,,,,未知
114,1168,南亞技術學院,桃園市,2 技職,1646,北部,,,,,,,,,未知
114,1183,黎明技術學院,新北市,2 技職,5214,北部,私立,,,,,,136.0,38.3,私立
114,1185,德育護理健康學院,基隆市,2 技職,3119,北部,,,,,,,,,未知
114,1196,法鼓文理學院,新北市,1 一般,413,北部,,,,,,,,,未知
114,1282,馬偕醫護管理專科學校,臺北市,2 技職,4062,北部,,,,,,,,,未知
114,1283,仁德醫護管理專科學校,苗栗縣,2 技職,5027,中部,私立,,,,,,196.0,25.6,私立
114,1284,樹人醫護管理專科學校,高雄市,2 技職,6899,南部,私立,,,,,,219.0,31.5,私立
114,1285,慈惠醫護管理專科學校,屏東縣,2 技職,1417,南部,私立,,,,,,74.0,19.1,私立
114,1286,耕莘健康管理專科學校,新北市,2 技職,3761,北部,私立,,,,,,132.0,28.5,私立
114,1287,敏惠醫護管理專科學校,臺南市,2 技職,2902,南部,私立,,,,,,101.0,28.7,私立
114,1289,育英醫護管理專科學校,高雄市,2 技職,1495,南部,私立,,,,,,56.0,26.7,私立
114,1291,聖母醫護管理專科學校,宜蘭縣,2 技職,1360,東部,私立,,,,,,68.0,20.0,私立
114,1292,新生醫護管理專科學校,桃園市,2 技職,5707,北部,私立,,,,,,215.0,26.5,私立
114,1293,崇仁醫護管理專科學校,嘉義縣,2 技職,2838,南部,私立,,,,,,109.0,26.0,私立
114,3002,臺北市立大學,臺北市,1 一般,7840,北部,公立,,,,,,314.0,25.0,公立
